,index,review,summary
354,64,makan di restaurant ini selain makanan juga mendapat bonus pemandangan kota bandung yang menakjubkan.,"Selain rasanya yang enak, menu steak bermacam-macam."
234,40,dengan sentuhan humor disana sini perjalanan mengelilingi museum jadi terasa menyenangkan.,Harga tiket sangat sepandan karena pengunjung bisa mengenal batik dengan sajian yang menarik.
3,0,trima ksh al staf hal yang pertama menjadi pilihan hotel ini aksesnya dekat dengan bandara salah satu tujuan utamanya dilanjut dengan kamar rapi bersih dan nyaman.,Fasilitas berjalan dengan baik.
18,2,pantai sangat bersih dengan pemandangan yang tidak kalah bagus.,Hotel ini dekat juga dengan pantai yang indah.
131,19,namun lift hotel bagus sudah dapat digunakan mereka yg disable tidak bisa jalan.,Kemudahan booking melalui aplikasi chat juga disuguhkan oleh pihak hotel.
118,18,tersedia sarana prasana alat sholat ataupun al kitab jika pengunjung tak bawa dan aku merasa trenyuh sekali.,Hotel tersebut menerapkan protokol kesehatan yang ketat.
327,59,untuk menu nya cukup variatif makanan khas sunda.,Harganya standar sama seperti resto lainnya.
63,10,kamar luas dan bersih menghadap jalan raya dan untuk tipe kamar yang saya tempati kemarin ada balkonnya cukup luas sehingga bisa menghirup udara segar bogor tapi sayang ga dilengkapi kursi teras untuk duduk duduk di balkon.,"Lokas strategis karena di di dekat hotel ada jajanan, statsiun, dan kebun raya."
317,57,hari menginap disini saya sangat terpuaskan dengan penyajian makanan dan juga kue nya yg terasa sangat lezat.,Suasana menjadi lebih nyaman karena ada live music.
211,34,jika musim liburan candi borobudur akan luar biasa banyak pengunjungnya ini yg membuat kenyamanan sedikit berkurang.,Perlu penambahan tempat duduk yang teduh.
381,69,sesampai di lokasi saya kaget karena ada warung dengan nama yang sama nasi liwet bu wongso lemu.,Pengunjung bingung dengan lokasi warung nasi liwet bu wongso lemu karena ada 4 warung yang sama.
93,14,kamar luas.,Makanan enak.
393,71,steak dan sosisnya enak sekali.,Daging steak kebanyakan lembut dan enak seperti tenderloin steak.
108,16,kesan pertama kami hotelnya slek dengan tone hitam putih monochrome.,Desain kamar memberikan nuansa yang nyaman untuk pengunjung hotel.
395,71,tempatnya enak luas dan nyaman.,Tempatnya luas dan nyaman.
223,37,serasa seperti didalam hutan hujan tropis banyak pohon besar yg rindang.,Berhati-hati jika hujan deras karena beberapa pohon sudah sangat tua.
181,29,bagi wisatawan domestik yang memiliki kantong pas pasan seperti saya dan menginginkan liburan bersama keluarga mengasyikkan maka pulau untung jawa di gugusan kepulauan seribu dapat menjadi pilihan.,Pulau dengan harga terjangkau yaitu pulau untung.
247,44,anda dapat memotret di museum ini kecuali di lantai karena di lantai terdapat kaca yang bisa melihat pabrik kretek dengan pekerja yang aktif sehingga mungkin pihak dari sampoerna tidak mengizinkan untuk ambil gambar.,Tempat ini memamerkan koleksi rokok dari tahun ke tahun dan pameran foto atau lukisan tentang sejarah tempat ini.
377,68,ambiencenya perfect dekorasinya bagus adem banget karena dikelilingin pohon dan lokasi yang cukup berada di ketinggian kota bandung.,Apalagi pemandangan sekitar dikelilingi pohon yang terlihat adem.
302,55,sotonya sih biasa minimalis cokotan seperti sate paru otak goreng sate kikil empal dan rombongan kolesterol lainnya bikin soto jadi lebih nikmat.,Sotonya enak ditambah lauk yang bermacam-macam seperti sate paru menambah kenikmatan.
219,36,secara umum museum menarik dengan fasilitas yang bagus.,Tempat ini juga mengadakan acara pameran yang berdasarkan tema tertentu misalnya Asian Games.
75,11,variasi makanan saat sarapan juga cukup banyak.,"Akan tetapi, variasi makanan yang masih kurang."
110,16,at least kamar rapih bersih dan baik pelayanan hotel sangat baik tempat yang strategis sehingga bagi saya yang kecilegon untuk busines hotel ini sangat tepat karna tempatnya yang mudah diakses.,"Selain itu tersedia tempat spa, gym, serta tempat untuk bersantai."
113,17,hotel ini sangat keren dari segi lay out kamar dan bangunannya bersih semua fasilitas sesuai dan berjalan normal kami dapat kamar di lantai rom studio yg keren abis dan dapet view langsung kota bandung yg mantul bgt.,"Lingkungan luar maupun dalam hotel yang bersih, di dukung dengan pelayanan hotel yang ramah, cepat, dan sigap."
16,2,areanya luar biasa bersih dan alat gym nya modern dan lengkap banget.,Ada kolam renang dan tempat fitnes.
66,10,kamar luas dan bersih menghadap jalan raya dan untuk tipe kamar yang saya tempati kemarin ada balkonnya cukup luas sehingga bisa menghirup udara segar bogor tapi sayang ga dilengkapi kursi teras untuk duduk duduk di balkon.,Balkon luas tetapi tidak dilengkapi dengan kursi untuk duduk-duduk.
271,49,rasa dan tekstur makanannya juga fresh dan enak enak semua.,Dessert nya juga enak.
7,1,ad wahana bumper car farm kart biliard untuk org dewasa jg ada.,Permainan di hotel ini menarik ada bombomcar dan perahu air.
19,3,pegawai hotel nya sangat ramah dan membantu.,Hotel memberikan pengalaman yang menyenangkan untuk kenyamanan dan kebersihan.
176,28,disini anda bisa melihat rumah rumah adat dari sabang hingga merauke.,Taman ini menyuguhkan semua informasi yang berkaitan dengan Indonesia.
358,65,rupiah anda bisa berkeliling mengelilingi keindahan dusun bambu.,Pengunjung dapat berfoto-foto.
352,64,disajikan dalam porsi besar.,Menu andalan yaitu steak.
298,54,restaurant ini sangat cocok untuk acara besar kantoran maupun keluarga.,Hal menyenangkan lainnya restoran luas sehingga cocok untuk acara besar.
297,54,penataan makanan yg apik pilihan lumayan banyak lah meskipun tdk terlalu lengkap mengingat harganya yg sangat murah net promo bca menjadi net jadi masih sangat bisa diterima.,Namun harganya terbilang mahal kalau tidak ada promo.
324,59,tempat yang nyaman suasananya terkesan hangat.,Terdapat fasiitas mushola.
390,70,desertnya juga unik dan enak.,Dekorasi juga tidak kalah menarik.
312,56,namun yang sangat disayangkan jika kita makan dan menit atau menit lagi sudah habis waktunya pelayannya tidak memberi tahu kami terutama pas lunch.,Tempatnya masih dapat menampung pengunjung karena meja banyak.
60,9,untuk pelayanan sangat bagus.,Fasilitas hotel juga lengkap.
79,12,saya pesan tipe kamar suite di lantai pemandangan dari kamar baik sekali menghadap kota dan gunung dan bisa menikmati sunset dari kamar.,Hal yang menyenangkan yaitu pemandangan gunung atau kota dengan sunset yang indah.
329,60,konsepnya sederhana tapi sangat unik.,Suasana unik karena ada bau dupa.
287,52,proses penyajian makanan baik sehingga kami tidak perlu menunggu lama padahal banyak tamu restaurant yang dilayani.,Penyajian yang sedikit mengecewakan karena tidak urut.
337,61,steak hut menyediakan makanan berkelas dengan harga yang terjangkau.,Setiap hari ada promo dari beberapa bank.
158,24,dulu staf sangat ramah ada mba bila dan nisa yang selalu welcome sekarang tidak ada citra karyawan hotel.,Staf ramah dan cepat.
109,16,kesan pertama kami hotelnya slek dengan tone hitam putih monochrome.,Pemesanan kamar hotel bisa melalui aplikasi pemesanan.
17,2,kolam renang yang bagus anak saya suka sekali beranang di pol kids serasa milik pribadi berenang di ocean pol yang asik sekali.,"Kolam renang tidak hanya untuk dewasa, tetapi ada untuk anak-anak."
375,67,untuk harga memang mahal tapi sepadan lah.,"Namun, ada kendala wifi yang error."
24,3,tolong di tingkatkan lagi kebijakan hotel mengenai jangan ada keributan yg heboh party policy dikamar karna akan mengganggu tamu yg lain.,Kekurangannya hanya di lorong kamar yang panas dan sebagian kamar yang tidak kedap suara.
268,49,lunch di sana sini after church dari pertama kali masuk ke hotel pelayanan yang saya dapatkan sangat ramah sekali.,Sambutan yang hangat diberikan oleh staf ketika pengunjung datang.
148,22,surprisingly pihak resepsionis memberikan fre upgrade untuk stay di kamar hotel haris yang notabene bangunan hotel haris dan pop menjadi satu bangunan dan satu lokasi.,Adapun fasilitas yang ada di hotel tersebut memadai.
248,44,ingin beli souvenir museum ini juga menawarkan beberapa jenis souvenir.,Pengunjung dapat membeli pernak-pernik seperti mug atau baju.
157,24,pas masuk kamar wangi dan bersih.,Tetapi beberapa kebersihan tidak terjaga seperti toilet dan asap rokok.
165,25,banyak sekali spot kandang binatang yang wajib dikunjungi.,Fasilitasnya juga semakin baik mulai dari kondisi binatang dan kandang.
245,44,museum sampoerna atau lebih dikenal dengan house of sampoerna.,House of Sampoerna merupakan gedung dengan desain kolonial Belanda.
277,51,restoran ini punya banyak menu mulai dari menu lokal indonesia asia hingga eropa.,Restoran memiliki desain interior klasik.
119,18,dengan fasilitas yang cukup baik pelayanan yang baik pegugas dengan namq rahadian sangat membanti saya dan ramah penjelasan nya telah membantu kami menghilangkan rasa kecewa kami.,Pelayanan yang diberikan cepat.
196,32,arsitektur klenteng yang unik serta megah cocok dijadikan spot foto yang apik.,Bangunannya bagus dengan gaya arsitektur Cina.
220,36,secara umum museum menarik dengan fasilitas yang bagus.,Tiket masuk tergolong sangat murah.
227,38,sudah di dalam antri lagi utk main satu wahana bisa satu jam.,Antrinya cukup panjang di setiap wahana.
152,23,ranjang bantal suasana kamar nyaman menghadap timur dapat matahari pagi.,Fasilitas di dalam kamar hotel lengkap.
310,56,pilihan menu kopi dan variant teh nya juga beragam.,Pengunjung dapat melihat pemandangan kolam renang dan hutan yang indah.
36,5,kamar cukup besar.,Kolam renang luas.
139,21,pelayanan yang ramah dan baik fasilitas di kamarnya pun lebih baik dari hotel lain.,Pengunjung sangat senang karena fasilitas kamar dan hotel lengkap.
294,53,pengunjung tidak ramai jadi kami bisa lebih bersantai untuk menikmati hidangan yang ada.,Tempat ini sangat cocok untuk keluarga dan teman.
314,57,jarang ad hotel yang menyajikan makanan yang enak dan bercita rasa.,Makanan enak dengan ciri khas tertentu.
198,32,arsitektur klenteng yang unik serta megah cocok dijadikan spot foto yang apik.,Pengunjung dapat menyewa baju khas Cina untuk mengabadikan momen di tempat ini.
228,38,ga rekomen untuk di kunjungi ke x karena tiketnya juga mahal ya.,Pengunjung tidak boleh membawa makanan dan minuman dari luar sehingga dianjurkan untuk membeli makanan dengan harga cukup mahal disini.
59,9,untuk pelayanan sangat bagus.,"Pelayanan yang diberikan sangat baik, cepat serta ramah."
111,17,kami beberapa kali menginap disini karena hotelnya dekat sekali dengan kantor cabang suami yang di bandung.,Hotel Ibis terletak di pusat kota Bnadung.
356,65,tiket masuknya murah hanya kisaran ribuan.,Tempat makan yang berlokasi di kota.
175,27,suasana saat siang hari sangat indah karena kita bisa melihat taman dengan bunga bunga yang indah.,Pada siang hari juga indah karena terdapat bunga-bunga di taman.
6,1,cocok sekali buat anak jd mereka ga bosen menginap bs sambil main dan bljr mengenal hewan.,"Tidak hanya nama kamarnya menggunakan nama binatang, tetapi banyak fasilitas agar anak-anak mengenal binatang."
291,53,dari harga yang ditawarkan rasanya sayang sekali jika anda hanya mencicipi sedikit menu yang ada harga sudah termasuk minuman seperti air putih kopi dan teh.,Jenis makanan bervariatif dan enak mulai dari makanan nasional sampai internasional.
278,51,suasana nya juga enak banget karna ada live musik nya.,Suasananya nyaman karena ada live music.
150,23,saya sangat senang menginap di adiwana suweta karena pelayanannya yang sangat ramah kamar yang bersih dan juga tata ruang yang baik.,Hotel Adiwana Suweta merupakan salah satu hotel sangat memperhatikan standar protokol kesehatan selama pandemic.
10,1,pelayanannya juga sangat oke.,Pelayanan sangat sempurna.
194,31,salah satu penginapan yang bagus yaitu bromo cotages tapi menurut saya harga yang ditawarkan tidak sesuai dengan fasilitas yang diberikan.,Penginapan disini bagus seperti Bromo Cottages namun harganya lumayan mahal.
103,16,at least kamar rapih bersih dan baik pelayanan hotel sangat baik tempat yang strategis sehingga bagi saya yang kecilegon untuk busines hotel ini sangat tepat karna tempatnya yang mudah diakses.,"Pelayanan dari Hotel Aston Cilegon cepat, solutif, ramah dan baik."
81,12,nice.,Rasa makanan standar.
208,34,satu hal yang perlu diperhatikan oleh pengelola adalah jalan menuju keluar kenapa dibuat berputar putar capek sekali rasanya jalan kaki dari lokasi candi ke tempat parkir.,Tiket dapat dibeli secara online jika tidak ingin mengantri.
281,51,saya mencoba makan siang dengan menu lidah sapi sambal matah.,"Makanan lokal yang enak yaitu lidah sapi, nasi goreng rendang, dan kue-kue tradisional."
379,68,kopinya tetep kerasa dan enak.,Minuman juga tidak kalah enak.
210,34,satu hal yang perlu diperhatikan oleh pengelola adalah jalan menuju keluar kenapa dibuat berputar putar capek sekali rasanya jalan kaki dari lokasi candi ke tempat parkir.,Pintu pemeriksaan tiket juga banyak.
261,47,kawah tangkuban perahu dapat dijangkau menggunakan mobil atau motor dengan tiket masuk yang murah dan dapat menjadi tempat asik untuk berlibur dengan keluarga menikmati pesona alam yang indah dan bagus sekali dan sayang untuk dilewatkan.,"Selain menikmati pemandangan, pengunjung dapat membeli oleh-oleh."
258,47,jadi jangan heran kalau disana kita disambut dengan bau belerang yang sangat menyengat.,Tetapi gunung ini memiliki bau belerangnya menyengat karena gunung aktif.
167,26,di tempat ini kita akan diajak untuk belajar sambil bermain.,Taman ini memberikan pengalaman yang menyenangkan untuk belajar dan bermain.
89,14,kamar luas.,Kamarnya sangat luas.
193,31,objek yang lain pun cukup menarik untuk fotogradi seperti pasir berbisik padang savana.,"Terdapat tempat indah lain seperti pasir berbisik, bukit teletubbies, dan padang savanna."
163,25,tempat ini sangat cocok untuk anak mempelajari dari dekat satwa liar yang sulit ditemukan.,Anak-anak dapat belajar mengenal jenis tanaman dan binatang.
147,22,semua staf yang ada telah menggunakan masker sebagai alat pelindung diri.,"Tidak lupa, selama pandemic COVID-19, pihak hotel menerapkan protokol kesehatan yang ketat baik untuk pengunjung maupun semua staff hotel."
231,39,jalannya sangat curam untuk jalur ini harus ekstra hati hati.,Jalan menuju Blue Fire sangat curam sehingga perlu kesiapan peralatan dan fisik.
92,14,rekomendasi buat pelaku bisnis di area glodok hayam wuruk lokasi hotel ini dekat dari pusat bisnis dan perbelanjaan dan akses kemana mana sangat mudah di jangkau.,Lokasi dekat dengan perbelanjaan.
69,10,chanel tv saya rasa terbatas dibanding hotel lain.,Makanan hotel juga enak.
123,18,pengalaman saya waktu menginap di hotel ibis budget surabaya airport itu nyaman karena selain jaraknya yang dekat baget dengan area cek in bandara disini juga fasilitas nya lengkap.,Fasilitas yang tersedia juga lengkap.
96,15,hotel lama tapi terawat dengan cukup baik.,Fasilitas hotel bagus dan lengkap.
143,21,trus hotel ini banyak spot utk foto nya.,Semua interior cocok untuk dijadikan spot foto.
360,65,untuk harga makanan disana rada mahal sedikit hehe.,Rasa makanan standar dan harganya terlalu mahal.
97,15,kamar besar dengan bed super nyaman.,Terdapat kolam renang yang bersih dan luas untuk anak-anak dan dewasa.
233,40,disini kita bisa mengetahui sejarah pembuatan batik dan juga penggunaannya di era dulu.,"Pengunjung diajak untuk mengenal sejarah, mengetahui pembuatannya langsung, dan perbedaan motif di setiap daerah."
68,10,kamar luas dan bersih menghadap jalan raya dan untuk tipe kamar yang saya tempati kemarin ada balkonnya cukup luas sehingga bisa menghirup udara segar bogor tapi sayang ga dilengkapi kursi teras untuk duduk duduk di balkon.,Interiornya bernuansa islami karena ada lukisan ayat-ayat.
23,3,pegawai hotel nya sangat ramah dan membantu.,Hal lain yang menjadi unggulan yaitu pelayanan staf yang cepat dan solutif.
37,5,breakfast di sediakan ala carte dengan sedikit pilihan menu.,Namun sarapan tidak bervariasi karena sistemnya ala carte dan harganya juga standar.
144,21,untuk menu makananya chinese fod nya ok banget dr segi rasa dan penyajianya.,Makanan yang disediakan chinese food yang rasanya sangat enak.
122,18,dengan fasilitas yang cukup baik pelayanan yang baik pegugas dengan namq rahadian sangat membanti saya dan ramah penjelasan nya telah membantu kami menghilangkan rasa kecewa kami.,Desain kamar snagat diperhatikan sehingga memberikan kenyamanan pengunjung.
202,32,kantin atau kafe kafe sepertinya banyak yang buka klo siang hari.,Ketika malam hari lampu redup sehingga tidak bisa menikmati tempat ini.
182,29,hal yang bisa anda lakukan di pulau pulau tersebut adalah menikmati keindahan laut yang membiru dan membentang luas pasir putih anekan water sport dan pesona matahari tenggelam.,Setiap pulau memiliki keindahannya masing-masing.
67,10,kamar luas dan bersih menghadap jalan raya dan untuk tipe kamar yang saya tempati kemarin ada balkonnya cukup luas sehingga bisa menghirup udara segar bogor tapi sayang ga dilengkapi kursi teras untuk duduk duduk di balkon.,Tersedia bathtub di kamar.
398,72,gurame bakar kecap pembakarannya baik dengan bumbu bakarnya enak terasa manis dan bahannya segar.,Gurame enak dan pedasnya masih bisa disarakan.
282,51,harga makanan juga sesuai.,Harga sepadan dengan porsinya karena banyak.
222,37,jalan jalan ke kebun raya bogor murah dan meriah sepuasnya berkeliling tau bersantai bersama keluarga.,Berjalan-jalan disini menyenangkan karena asri dan harga terjangkau.
320,58,steak di sini sangat berkualitas dan harganya benar benar sesuai dengan harga yang ditawarkan.,"Harga sangat sepadan, pengunjung juga diperbolehkan untuk menambah sauce secara gratis."
229,39,gunung ijen merupakan salah satu tujuan wisata di banyuwangi.,Gunung ijen dapat memberikan pemandangan matahari terbit yang indah.
125,19,saya amat menikmati pada saat menginap di samator apabila ada komplain kecil segera dibantu oleh pak dhika dan menservice yg terbaik pesan novotel ini karena ingin coba hotel baru yang ada di pinggir kota dan ada kolam renangnya.,Novotel berlokasi di pinggiran kota Surabaya.
146,22,hotel ini memiliki pelayanan yg berbeda dengan lainnya staf yg friendly dan warm welcome kamar kecil tp wajar krn hotel budget pada umumnya hanya utk makan dan tidur saja.,"Pelayanan yang diberikan pihak hotel sangat baik, cepat, ramah, serta hepful."
238,41,sembari berkeliling keliling ria jangan lupa untuk sejenak singgah ke museum yang juga ada disana.,Tempat yang dapat dikunjungi yaitu museum.
86,13,pengalaman saya makan di restoran ini sangat memuaskan.,Varian makanan juga variative.
347,63,makanannya enak variasi menu sarapannya lengkap yg paling terutama sate mie ayam pastries.,"Makanan yang direkomendasikan yaitu sate, kebab, pizza, dan dimsum."
322,59,rumah makan bumi aki merupakan restoran sunda yg menyajikan masakan sunda.,Rumah makan sunda dengan pemandangan sangat indah dan suasananya nyaman.
340,62,tidak wow namun masih oke.,Harga lumayan mahal.
203,33,dengan pemandangan yang sangat indah sangat menyenangkan bagi orang tua yang hanya ingin bersantai dan menikmati udara segar.,Dusun bambu memiliki daya tarik untuk menikmati sejuknya udara dan melihat indahnya pemandangan taman.
262,48,pelayanannya sangat ramah.,"Ketika pengunjung masuk, staf memberikan sambutan yang ramah."
305,55,selalu rame pas sarapan dan makan siang.,Namun semua teratasi dengan pelayanan staf yang tanggap dan ramah.
183,29,hal yang bisa anda lakukan di pulau pulau tersebut adalah menikmati keindahan laut yang membiru dan membentang luas pasir putih anekan water sport dan pesona matahari tenggelam.,"Aktivitas yang dapat dilakukan bermain banana boat, snorkling, dan diving."
383,69,tempatnya ngak terlalu besar lesehan parkir mobil susah krn harus parkir di pinggir jalan yg lumayan sempit dan rame.,"Walaupun tempatnya kecil, suasananya nyaman dengan alunan musik jawa."
286,52,cocok banget buat family karena kebanyakan meja dan porsi bisa buat family.,Tempat yang cocok untuk berkumpul bersama keluarga atau teman.
289,53,selain menu yang bervariasi saya sangat merasa senang karena dibantu untuk menghidangkan bufetnya dengan pelayanan yang ramah cepat dan tanggap salah satunya chefnya yg ada di asia section yaitu maria sangat ramah dan selalu senyum untuk membantu saya dalam membuat nodlenya.,Makanan disiapkan dengan model buffet.
285,52,ambience nya oke friendly juga.,Harganya juga sepadan.
129,19,terima kasih untuk bu sherly dan jajaran semua nyaman menginap di novotel samator dg byk fasilitasnya utk kmr nyaman besar fasilitas yg di kmr ok tiap hari di bersihkan petugasnya ramah satpam nya jg ramah sopan dan membantu jg costomer yg dtg.,"Staff hotel yang sopan, ramah, serta helpul sehingga tidak mengecewakan pengunjung."
38,6,kep it up milenium hotel ini terletak di tengah kota jakarta rekat sekali dengan pasar tanah abang bisa jalan kaki.,Hotel berlokasi di tengah kota sehingga mudah kemana-mana.
11,2,kita pilih mulia bali yg memang sudah jadi pilihan kita sejak lama pertama kami sampai di hotel dengan pelayanan check in yg sangat baik dan juga cepat pelayan nya area loby bersih seperti terjaga setiap hari.,Pelayanan sangat baik secara keseluruhan dari cek in sampai makanan.
355,64,untuk harga memang terkesan mahal.,"Namun, harganya cukup mahal."
185,29,di pulau untung jawa sarana rekreasi pantai dengan hamparan pasir yang bersih dan permainan banana boat menjadikan putera puteri anda tidak ingin segera kembali ke rumah.,Penginapannya juga ada yang kurang memuaskan.
225,38,setelah jam sampai loket tukar tiketnya ga sampe menit berasa rugi waktu banget mendingan tiket tidak usah di jual online sekalian hanya mau untung saja tpi tidak mau memfasilitasi dengan baik.,Mulai dari tiket online yang tidak sesuai dengan fasilitasnya sampai wahana yang standar.
112,17,kami beberapa kali menginap disini karena hotelnya dekat sekali dengan kantor cabang suami yang di bandung.,"Pemilihan lokasi strategis yakni dekat dengan Masjid Agung Bandung, Alun-Alun Bandung serta pusat perbelanjaan oleh-oeh."
179,29,hal yang bisa anda lakukan di pulau pulau tersebut adalah menikmati keindahan laut yang membiru dan membentang luas pasir putih anekan water sport dan pesona matahari tenggelam.,"Wisata ini memiliki beberapa pulau yang dapat dikunjungi salah satunya pulau tidung, pulang bidadari, pulau harapan, pulau pari, dan pulau untung."
292,53,dari harga yang ditawarkan rasanya sayang sekali jika anda hanya mencicipi sedikit menu yang ada harga sudah termasuk minuman seperti air putih kopi dan teh.,Dessert berupa buah dan cake.
272,50,penyajiannya bagus dengan menu yang beragam.,Makanan di restoran ini rata-rata enak.
349,64,makan di restaurant ini selain makanan juga mendapat bonus pemandangan kota bandung yang menakjubkan.,Pengunjung dapat melihat pemandangan kota bandung yang indah.
117,18,pengalaman saya waktu menginap di hotel ibis budget surabaya airport itu nyaman karena selain jaraknya yang dekat baget dengan area cek in bandara disini juga fasilitas nya lengkap.,Hotel Ibis Budget Surabaya berlokasi di dalam bandara Juanda.
391,70,desertnya juga unik dan enak.,Menu makanan variatif dan enak.
280,51,restoran ini punya banyak menu mulai dari menu lokal indonesia asia hingga eropa.,"Makanan variatif yang terdiri dari makanan lokal, asia, dan eropa."
388,70,makanan nya enak sebanding dengan pelayanan nya luar biasa.,Pelayanan memberikan salam yang ramah.
290,53,selain menu yang bervariasi saya sangat merasa senang karena dibantu untuk menghidangkan bufetnya dengan pelayanan yang ramah cepat dan tanggap salah satunya chefnya yg ada di asia section yaitu maria sangat ramah dan selalu senyum untuk membantu saya dalam membuat nodlenya.,Beef wagyu sangat direkomendasikan karena enak dan lembut.
366,66,interior resto yang simple khas jepang dibuat sedikit meriah dengan dekor table yang elegan.,"Tidak hanya dari segi makanan, interior didesain dengan nuansa jepang."
164,25,ada juga berbagai jenis tanaman yang rimbun.,"Jenis binatang antara lain unggas, ular, dan mamalia."
284,52,rasa makanannya lumayan a nice one.,Beberapa makanan yang enak yaitu ayam panggang dan udang mayonaise.
136,20,kamar colourful dan minimalis tetapi sangat nyaman dengan view yang bagus.,Makanan dan minuman enak dengan harga terjangkau.
154,23,saya sangat senang menginap di adiwana suweta karena pelayanannya yang sangat ramah kamar yang bersih dan juga tata ruang yang baik.,"Pelayanan dari staff hotel jga ramah, sopan, dan hangat."
199,32,arsitektur klenteng yang unik serta megah cocok dijadikan spot foto yang apik.,Aktivitas lain dengan menikmati indahnya bangunan di bangku taman yang teduh.
197,32,bangunannya mewah dan megah selain itu tiket masuknya pun sangat murah.,Tiket masuknya terjangkau.
396,71,pelayanan cukup cepat meskipun suasana cukup ramai.,Hanya saja tempat parkir terbatas.
2,0,trima ksh al staf hal yang pertama menjadi pilihan hotel ini aksesnya dekat dengan bandara salah satu tujuan utamanya dilanjut dengan kamar rapi bersih dan nyaman.,Kamar luas dan bersih.
204,33,mulai dari yang terletak disebelah fodcourt ada playground yang cukup bayar x bisa main sepuasnya dan boleh keluar masuk sepuasnya.,Anak-anak juga senang karena ada fasilitas permainan untuk anak seperti memberi makan kelinci.
115,17,hotel ini sangat keren dari segi lay out kamar dan bangunannya bersih semua fasilitas sesuai dan berjalan normal kami dapat kamar di lantai rom studio yg keren abis dan dapet view langsung kota bandung yg mantul bgt.,"Selain itu, desain hotel yang menarik, fasilitas yang cukup lengkap, serta view yang menghadap ke arah kota Bandung menjadi daya tarik pengunjung."
237,41,sembari berkeliling keliling ria jangan lupa untuk sejenak singgah ke museum yang juga ada disana.,Pengunjung dapat menyewa sepeda untuk berkeliling tempat ini.
274,50,penyajiannya bagus dengan menu yang beragam.,Tempat nyaman dan cocok untuk anak-anak karena tersedia banyak cemilan dan interior lucu.
26,4,hotel menurut saya cukup elegan.,Pelayanan hotel yang bagus.
120,18,dengan fasilitas yang cukup baik pelayanan yang baik pegugas dengan namq rahadian sangat membanti saya dan ramah penjelasan nya telah membantu kami menghilangkan rasa kecewa kami.,"Selain itu staff hotel yang ramah, sopan dan helpful membuat pengunjung semakin nyaman."
336,61,steak hut menyediakan makanan berkelas dengan harga yang terjangkau.,Makanan steak enak dengan harga terjangkau.
224,38,ada satu pertunjukan yang hanya di play sekali dalam sehari.,Wisata ini memberikan pelayanan yang kurang menyenangkan.
246,44,selain itu disana juga menyediakan tour heritage secara gratis.,Wisata ini memberikan informasi mengenai alat sampai produksi rokok.
357,65,wisata alam serta adanya private restoran yang unik membuat mata kita merasakan keindahan yang alami.,Tempat ini memberikan makanan yang enak dan pemandangan yang indah.
318,58,rasa steak nya enak dengan harga yang standar.,Restoran menjual varian steak yang berkualitas dan enak.
346,63,rasanya enak banget dan wajib di coba.,Secara keseluruhan makanan enak.
127,19,kamarnya luas dan bersih kamar mandi juga luas dan sangat bersih.,Fasilitas yang diberikan juga memadai seperti parkiran.
74,11,kamar juga sesuai standar.,Keadaan kamar hotel bersih.
325,59,tempat yang nyaman suasananya terkesan hangat.,Fasilitas lain yaitu tempat bermain anak-anak sehingga mereka tidak bosan.
29,4,ada dua kolam renang di hotel ini untuk anak dan dewasa.,Fasilitas kolam renang untuk anak-anak juga teredia.
83,13,tapi menginap disini tidak mengecewakan hotel berlokasi ditengah kota bekasi dekat dengan mal sangat memudahkan kami untuk membeli keperluan menginap.,Hotel tersebut juga dekat dengan pusat perbelanjaan yang ada di kota tersebut.
333,60,rasa menu makanan minuman disini menurutku biasa aja.,Harga makanannya juga wajar.
107,16,at least kamar rapih bersih dan baik pelayanan hotel sangat baik tempat yang strategis sehingga bagi saya yang kecilegon untuk busines hotel ini sangat tepat karna tempatnya yang mudah diakses.,Kapasitas kamar hotel yang memadai.
376,68,pelayan nya jg ramah.,Restoran memberikan suasana yang nyaman.
299,54,untuk pelayanananya juga sangat memuaskan staf nya ramah terutama mba chia yang sangat responsif dan membuat saya sangat senang menghabiskan waktu berlama lama makan disini.,Pelayanan juga sangat memuaskan.
133,20,kamar colourful dan minimalis tetapi sangat nyaman dengan view yang bagus.,"Deluxe city, kamar di lantai atas, menyajikan pemandangan yang indah."
244,43,kita juga dapat membeli souvenir yang disediakan sebagai kenang kenangan.,Anak-anak menikmati air mancur tersebut dengan diiringi lagu daerah yang diaransemen secara keren.
184,29,terutama bagi penggemar wisata bahari yang enggan pergi terlalu jauh dari jakarta.,"Jika ingin menginap, pengunjung harus memesan terlebih dahulu karena biasanya penuh."
382,69,salah satu yang dipuja puja di banyak artikel adalah nasi liwet wongso lemu.,Warung ini merupakan warung legendaris yang pernah didatangi oleh artis dan tokoh politik.
44,6,kamarnya juga bersih.,Makanan bervariasi.
371,67,tempat nya cantik apalagi di malam hari.,Makanan enak terutama steak.
65,10,untuk kamarnya cukup luas nyaman fasilitasnya dan kebenaran kami pilih famili rom cocok untuk keluarga besar.,Kamar family besar dan bersih dilengkapi dengan ruang tamu.
85,13,kamar tidak ada kendala telepon wifi ac dan air panasnya juga berfungsi dengan baik.,"Fasilitas yang disediakan seperti makanan, service, kebersihan, serta kelengkapan bagus."
242,43,dan malam hari taman di sekitar monas juga memberikan tempat menarik untuk nongkrong dan bersantai.,Monas memiliki air mancur yang menari-nari setiap malam hari yang dapat dinikmati secara gratis.
186,30,dan untuk diperhatikan sebagian besar mal yg berada di bandung pembayaran parkir ada yg hanya menerima kartu pembayaran dari bank mandiri saja pvj seperti itu bip menerima ovo flash dan sejenisnya.,Paris Van Java merupakan mall yang memiliki fasilitas yang lengkap.
159,24,ada bubur ayam dan sate juga.,Variasi makanan standar.
12,2,pantai sangat bersih dengan pemandangan yang tidak kalah bagus.,Lobi bersih.
35,5,kamar cukup besar.,Fasilitas kamar bagus karena terdapat bathub dan shower.
28,4,kami menginap di kamar type deluxe balcony interior kamarnya cukup menarik.,"Untuk kamar hotel, menampilkan desain interior yang menarik."
170,26,sayangnya lahan parkir tempat ini terbatas.,Tiketnya masih termasuk murah.
142,21,resto nya bagus cozy banget.,Suasana di resto juga nyaman.
321,58,steak di sini sangat berkualitas dan harganya benar benar sesuai dengan harga yang ditawarkan.,Pelayanan juga sempurna karena staf baik dan ramah.
275,50,penyajiannya bagus dengan menu yang beragam.,Pelayanan juga memuaskan.
221,37,udaranya segar dan sejuk karena pepohonan di kebun raya tinggi tinggi dan rindang.,Kebun Raya Bogor cocok dikunjungi ketika pagi dan sore hari karena cuaca dingin dan segar.
95,14,pelayanan staf nya ramah dan sopan.,Staf memberikan pelayanan yang terbaik.
51,7,makanan yang disediakan kualitas rasanya sangat baik.,Namun tidak ada ruangan khusus untuk perokok di restoran.
240,42,kawasan merapi sudah menjadi daya tarik tersendiri ketika kita kesana.,Merapi memiliki daya tarik tersendiri karena pemandangan yang indah.
301,55,selalu rame pas sarapan dan makan siang.,Lokasi dekat dengan alun-alun.
307,56,menu yang wajib dicoba jika lunch disini adalah reuceuh rasanya enak.,Ada beberapa makanan yang kurang enak yaitu steak dan sushi.
178,28,dilengkapi toilet serta kios kios yang menjual makanan sehingga sangat lengkap sebagai sebuah destinasi wisata sekaligus pembelajaran bagi keluarga.,Fasilitasnya juga lengkap untuk toilet dan tempat makan yang dijual di kios-kios sekitar.
41,6,fasilitasnya lengkap ada gym kolam renang ruang meting yang banyak fasilitas dikamar pun juga cukup bagus.,Secara umum kamarnya memiliki fasilitas yang lengkap dan pemandangan yang indah.
378,68,pelayan nya jg ramah.,Semua makanan enak.
206,33,pondokan atau vila nya juga bersih dan rapi serta memanjakan mata kita dengan pemandangan danau yang cantik.,Tempat makan disini menyediakan makanan yang variatif dan khas jawa barat.
254,45,tidak bosan anak anak saya bermain di tempat ini.,Tetapi untuk kebersihannya masih buruk seperti toilet dan musholla.
334,61,tempatnya oke nyaman luas cocok untuk mengajak keluarga makan bersama.,Restoran yang menjadi langganan keluarga karena sangat nyaman dan luas.
4,0,dan ternyata makanannya cukup enak.,Restoran selalu buka sehingga tidak perlu takut kelaparan dan rasanya enak.
256,46,berada di kota semarang belum lengkap jika tidak mengunjungi bangunan tua yang mempesona di tengah kota semarang yang bernama lawang sewu.,Lawang sewu tidak memiliki parkiran sehingga sulit mencari parkir di sekitar tempat ini.
361,65,untuk harga makanan disana rada mahal sedikit hehe.,Pelayanan sedikit lama.
100,15,kamar besar dengan bed super nyaman.,Guling tersedia di setiap kamar.
226,38,ada satu pertunjukan yang hanya di play sekali dalam sehari.,Pertunjukannya juga mengecewakan karena tidak sesuai dengan yang ditawarkan.
374,67,untuk harga memang mahal tapi sepadan lah.,Harga sesuai dengan rasa.
213,35,di tempat ini pengunjung juga dapat mempelajari banyak hal yang berhubungan dengan bencana alam bumi pemanfaatan sumber daya dengan benar cara mengolah energi dan lain lain.,"Pengujung dapat belajar berkaitan dengan bumi seperti proses terbentuknya bumi, bencana alam, bumi, pemanfaatan sumber daya dengan benar, dan cara mengolah energi."
171,26,sayangnya lahan parkir tempat ini terbatas.,Kekurangannya hanya parkiran yang sempit dan tidak ada lift.
98,15,hotel bintang ini memiliki unsur budaya jawa modern dari loby hingga interior kamar yang klasik.,Desain hotel klasik dengan nuansa jawa.
215,35,museum geologi mudah dijangkau karena lokasinya dekat dengan gedung sate atau ikon kota bandung.,Museum ini sangat bersih dan harganya sangat murah.
61,9,untuk kamarnya juga sesuai dengan harapan dengan pemandangan yang bagus.,Budget yang dikeluarkan oleh pengunjung sesuai dengan fasilitas yang diberikan.
47,7,selalu puas dengan pelayanan dan kamarnya sangat nyaman.,Kamar besar dan  fasilitas kamar juga baik.
32,5,kamar cukup besar.,Secara dekorasi hotel bagus dan mewah.
267,48,makanannya enak sushi set nya jg segar view di sini bagus banget bisa ngeliat pantai.,Pengunjung dapat menikmati makanan sambil melihat pemandangan pantai yang indah.
200,32,pas kesana juga disediakan makanan ringan minum gratis.,Tersedia mushola dan toilet yang bersih.
389,70,selain tempatnya nyaman juga strategis karna dekat mal.,Tempat nyaman dan strategis.
27,4,dibandingkan empat tahun lalu kamar kamar tidur untuk para tamu tetap terjaga kebersihan dan kualitas furniturnya sehingga saya tetap betah menginap kembali di hotel ini.,"Hotel ini memiliki keunggulan dalam hal kebersihan, kemegahan, keramahan staff, serta unggul dalam hal pelayanan terhadap pengunjung."
353,64,disajikan dalam porsi besar.,Dagingnya empuk dan porsi besar.
230,39,blue fire hanya dapat dilihat pada waktu dini hari.,Pemandangan lainnya yang dapat dinikmati yaitu Blue Fire.
260,47,terdapat kawah lain yang dapat merebus telur.,Ada fasilitas untuk penyewaan kuda.
288,53,selain menu yang bervariasi saya sangat merasa senang karena dibantu untuk menghidangkan bufetnya dengan pelayanan yang ramah cepat dan tanggap salah satunya chefnya yg ada di asia section yaitu maria sangat ramah dan selalu senyum untuk membantu saya dalam membuat nodlenya.,Restoran ini memberikan kesan yang menyenangkan untuk pengunjung terhadap pelayanan yang ramah dan tanggap.
162,25,banyak sekali spot kandang binatang yang wajib dikunjungi.,Tempatnya luas dan bersih.
342,63,makanannya enak variasi menu sarapannya lengkap yg paling terutama sate mie ayam pastries.,Restoran terletak di hotel pullman bandung.
138,21,pelayanan semua baik dan sangat ramah.,Hotel sangat bersih dan nyaman.
62,9,kami pada saat check in di sambut baik oleh pihak hotel.,"Akan tetapi, ada beberapa pelayanan yang kurang memuaskan sehingga dikeluhkan oleh pengunjung."
135,20,kamar colourful dan minimalis tetapi sangat nyaman dengan view yang bagus.,Fasilitas kamar lengkap.
128,19,kamarnya luas dan bersih kamar mandi juga luas dan sangat bersih.,"Selain itu pelayanan yang diberikan juga memuaskan, cepat, memperhatikan kebersihan hotel."
8,1,hidangannya beragam dan enak.,Makanan sangat enak dan bervariasi.
64,10,banyak tempat makan di sekitar hotel dan setiap waktu sholat dtg suami selalu sholat berjamaah di mesjid depan hotel.,Pengunjung tidak akan bosan karena banyak jajanan.
300,55,salah satu restoran soto yang kami coba di solo.,Rumah makan soto yang menjadi langganan presiden pak jokowi.
14,2,sarapan top banget untuk sekelas bintang memang sangat layak.,Sarapan enak.
156,24,hari stay di bandung serela riau ini hotel nya dekat dengan resto kuliner bandung factory outlet buat belanja pokoknya ga jauh kemana mana karena pusat kota.,Hotel dengan lokasi strategis untuk berbelanja.
40,6,hotel ini juga sangat strategis.,Hotel juga memiliki taman gantung yang luas.
370,67,tempat nya cantik apalagi di malam hari.,Hal memuaskan lainnya pelayanan ramah.
326,59,untuk menu nya cukup variatif makanan khas sunda.,Makanan memiliki banyak varian dan rasa cukup enak.
216,36,secara umum museum menarik dengan fasilitas yang bagus.,Museum Nasional atau Museum Gajah sangat menarik dan fasilitasnya memuaskan.
279,51,pelayannya baik dan ramah semua so kalo bawa rekan bisnis worth it lah.,Sambutan dari pelayan memuaskan karena pengunjung diberi snack dan air putih secara gratis.
402,72,suasananya nyaman dengan layanan yang baik.,Lokasi strategis.
236,41,di kota tua kita bisa kembali ke zaman zaman indonesia dijajah oleh bangsa belanda dilihat dari bangunan bangunan buatan belanda yg berdiri tegak.,Desain bangunan Kota Tua unik dan kuno seperti di zaman Belanda.
207,33,pondokan atau vila nya juga bersih dan rapi serta memanjakan mata kita dengan pemandangan danau yang cantik.,Fasilitas lain yaitu penginapan berupa villa dan camping ground.
212,35,di museum geologi kita dapat bersantai melihat lihat membaca dan merenungkan perjalanan sejarah umat manusia seiring dengan perkembangan alam sekitarnya bahkan mulai jaman prasejarah.,Museum geologi memberikan kesan yang menarik untuk mengenal sejarah dan prasejarah.
295,54,restaurant ini sangat cocok untuk acara besar kantoran maupun keluarga.,Restoran dengan model ala carte dan buffet.
368,67,tempat nya cantik apalagi di malam hari.,Tempat makannya lesehan yang membuat pengunjung nyaman seperti makan di taman.
251,45,wahana anak anak jarang peminat jadi perlu trik utk atur waktu bermain disini.,Antrian pada tempat ini biasanya panjang sehingga perlu di antisipasi oleh petugas dan pengunjung.
394,71,tempat ini terkenal dengan menu makanan yang porsinya besar namun harganya terjangkau.,Menu makanan dan minuman disini termasuk porsi besar dengan harga terjangkau.
369,67,tempat nya cantik apalagi di malam hari.,Suasana semakin indah di malam hari.
303,55,selalu rame pas sarapan dan makan siang.,Harga terjangkau.
269,49,rasa dan tekstur makanannya juga fresh dan enak enak semua.,"Restoran menggunakan model buffet dengan makanan yang variatif mulai dari makanan khas indonesian, chinese, japanese, dan eropa tersedia."
201,32,pas kesana juga disediakan makanan ringan minum gratis.,Tempat parkir mobil luas.
161,25,dengan biaya masuk yang relatif murah dan juga terjangkau untuk kalangan ke bawah sampai menengah ini merupakan destinasi wisata favorit.,Wisata dengan harga terjangkau di Jakarta.
43,6,fasilitasnya lengkap ada gym kolam renang ruang meting yang banyak fasilitas dikamar pun juga cukup bagus.,"Fasilitas lengkap karena ada kolam renang, gym, steam room, sauna, dan whirlpool."
217,36,secara umum museum menarik dengan fasilitas yang bagus.,Pameran yang disediakan juga bagus dan informatif.
190,30,kalo menurut sy kurang tertata rapih jadi setiap orang harus terus menyusuri koridor per koridor untuk mengetahui setiap toko yg ada.,Desainnya mall kurang tertata rapi sehingga bingung untuk mencari toko.
309,56,pilihan menu kopi dan variant teh nya juga beragam.,"Minuman kopi, teh, dan juice juga variatif."
259,47,ada banyak pilihan untuk mencapai puncak gunung tangkuban perahu bisa dengan menggunakan mobil pribadi atau sepeda motor.,Pengunjung mudah ke puncak dengan menggunakan mobil atau motor.
105,16,at least kamar rapih bersih dan baik pelayanan hotel sangat baik tempat yang strategis sehingga bagi saya yang kecilegon untuk busines hotel ini sangat tepat karna tempatnya yang mudah diakses.,Kebersihan fasilitas hotel sangat diperhatikan terutama kolam renang.
53,8,kamarnya cukup luas dan nyaman.,Ruang pertemuannya memiliki fasilitas yang lengkap.
1,0,trima ksh al staf hal yang pertama menjadi pilihan hotel ini aksesnya dekat dengan bandara salah satu tujuan utamanya dilanjut dengan kamar rapi bersih dan nyaman.,"Pelayanan yang diunggulkan tidak hanya ramah, melainkan sangat membantu karena tersedia antar jemput ke bandara."
49,7,makanan yang disediakan kualitas rasanya sangat baik.,Makanan enak tetapi lebih baik ditambah variannya.
80,12,god point sarapan pagi lengkap protokol kesehatan di jalankan dengan baik.,Protokol kesehatan selalu diterapkan saat di restoran.
205,33,dengan pemandangan yang sangat indah sangat menyenangkan bagi orang tua yang hanya ingin bersantai dan menikmati udara segar.,Danau yang cantik juga cocok digunakan untuk foto-foto dan dinikmati menggunakan perahu.
34,5,kamar cukup besar.,Pemandangan yang didapatkan dari kamar juga indah.
263,48,pelayanannya sangat ramah.,Staf juga informatif dalam menjelaskan menu.
91,14,cita rasa makanan di restonya juga lumayan enak dengan harga yg terjangkau.,Tempat fitness menyenangkan karena pengunjung dapat melihat pemandangan.
339,62,makanannya enak harga cukup mahal ya namanya juga standar hotel porsinya besar.,Menu makanan juga tidak variatif.
52,8,kamarnya cukup luas dan nyaman.,Hotel yang bisa digunakan untuk liburan dan bisnis.
345,63,makanannya enak variasi menu sarapannya lengkap yg paling terutama sate mie ayam pastries.,Makanan variatif mulai dari makanan nasional dan internasional.
264,48,rasa sushi nya enak sekali dan menu nya ga terlalu pedas.,Menu terdiri dari makanan nasional dan makanan asia.
241,42,letak yang strategis memudahkan akses untuk sampai di gunung merapi.,Letaknya strategis sehingga lebih mudah untuk sampai di Gunung Merapi.
13,2,pantai sangat bersih dengan pemandangan yang tidak kalah bagus.,Kamar bersih dan nyaman.
315,57,pago restaurant menyajikan makanan yg sangat enak untuk keluarga.,Makanan yang direkomendasikan yaitu sushi dan grill.
88,14,lantai nya antara kayu atau dilapisi walpaper memasuki area hotel sangat kental konsep yang diusung oleh hotel ini yakni fun fresh friendly.,Hotel memiliki desain yang modern dan minimalis.
273,50,penyajiannya bagus dengan menu yang beragam.,"Tersedia makanan indonesia, asia, india, dan western."
166,25,banyak sekali spot kandang binatang yang wajib dikunjungi.,"Namun, tempat makan disini kurang banyak."
328,60,ketika kami makan di sana beberapa makanan sudah habis.,Pengunjung wajib mengantri untuk memesan makanan disini.
397,72,resto ini bernuansa sunda dengan meja kayu dan interior design serba coklat kayu.,Resto sunda ini menyediakan menu gurame.
134,20,kamar colourful dan minimalis tetapi sangat nyaman dengan view yang bagus.,Kamar minimalis dengan interior yang menarik.
306,56,variasi makanan banyak bgt mulai dari western fod sampe lokal fod.,"Jenis makanan sangat variatif mulai dari sunda, eropa, dan asia timur."
387,70,impresi pertama ketika memasuki restoran ini adalah kesan elegant dan mewah yang dihadirkan di restoran ini.,Pengunjung mendapat kesan pertama yang menyenangkan.
319,58,rasa steak nya enak dengan harga yang standar.,Tempat cocok untuk makan bersama keluarga dan teman.
243,43,di monas juga ada air mancur menari tapi adanya malam hari jadi sampai sekarang aku belum pernah melihatnya karena setiap kali aku ke monas pasti ngak sampai malam.,Air mancur tidak kalah dengan air mancur yang ada di Singapura.
54,8,kamarnya cukup luas dan nyaman.,Pelayanan cepat dan memuaskan.
363,66,resto dikawasan hotel jw mariot ini menawarkan menu makanan jepang.,Makanan tersertifikasi halal.
50,7,dekat ke beberapa pusat perbelanjaan dan banyak pilihan makanan disekitar hotel jalan kaki aja dari hotel.,"Fasilitasnya banyak mulai dari kolam renang, tempat fitnes, dan klinik 24 jam."
174,27,suasana saat siang hari sangat indah karena kita bisa melihat taman dengan bunga bunga yang indah.,Fasilitas lain terdapat air mancur yang dihiasi cahaya di malam hari.
189,30,kalo mau parkir di luar area pvj memang ada cuma jauh ke belakang cape juga jalan.,Kekurangannya yaitu tempat parkir lumayan sempit.
401,72,resto ini kurang cocok kalo berkunjung sendiri karna porsinya besar cocok nya untuk makan rombongan keluarga makan bareng teman kantor.,Ketika akhir pekan dan liburan restoran ini ramai yang mengakibatkan parkiran penuh.
187,30,saya coba kesana sama pacar dan memang bener itu keren banget.,Banyak barang dengan merk-merk yang bagus.
169,26,di tempat ini kita akan diajak untuk belajar sambil bermain.,Kegiatan lainnya yaitu menggambar dan melukis.
58,9,untuk kamarnya juga sesuai dengan harapan dengan pemandangan yang bagus.,Hotel NEO merupakan salah satu hotel yang ada di Surabaya dengan lokasi hotel yang strategis dan mudah dijangkau.
48,7,dekat ke beberapa pusat perbelanjaan dan banyak pilihan makanan disekitar hotel jalan kaki aja dari hotel.,"Lokasi strategis, dekat dengan tempat belanja dan tempat makan."
344,63,staf sangat membantu untuk mencarikan kursi dan juga menjelaskan sekaligus menawarkan makanan dan minuman yang tersedia.,Tempat bersih.
235,40,dengan berkunjung ke museum ini jadi mengerti beragam batik yang ada di indonesia.,Pengunjung juga bisa membeli batik sebagai oleh-oleh yang terkenal dengan kualitasnya yang bagus.
252,45,wahana anak anak jarang peminat jadi perlu trik utk atur waktu bermain disini.,Pengunjung bisa datang di pagi hari untuk tidak terjebak antrian.
21,3,dengan harga yg hemat tp dapat fasilitas yg memuaskan.,Harganya cukup terjangkau.
313,56,namun yang sangat disayangkan jika kita makan dan menit atau menit lagi sudah habis waktunya pelayannya tidak memberi tahu kami terutama pas lunch.,"Meskipun demikian, staf sangat ramah dan memberikan kompensasi."
160,25,tempat ini cocok banget buat liburan bersama keluarga.,Taman mini ragunan cocok untuk liburan bersama keluarga.
276,50,hehehe restaurant favorite sima suasana diner malam itu sungu ramai dan berkesan.,Protokol kesehatan selalu ditaati oleh setiap staf.
191,30,sayang saat di sana kok kurang nyaman.,Toilet kurang bersih dan masih sedikit.
293,53,pengunjung tidak ramai jadi kami bisa lebih bersantai untuk menikmati hidangan yang ada.,Fasilitas lainnya yaitu live music dan tempat bermain anak-anak.
343,63,makanannya enak variasi menu sarapannya lengkap yg paling terutama sate mie ayam pastries.,Lokasi strategis karena dekat gasibu dan gedung sate.
257,47,kawahnya menjadi pemandangan yang sangat indah dan gunungnya pun tak kalah indahnya.,Gunung tangkuban perahu memberikan pemandangan yang sangat indah.
308,56,setelah itu langsung cari makanan yg menu nya buanyak banget.,Kedua makanan itu keras.
149,22,hotel ini memiliki pelayanan yg berbeda dengan lainnya staf yg friendly dan warm welcome kamar kecil tp wajar krn hotel budget pada umumnya hanya utk makan dan tidur saja.,"Kebersihan hotel juga snagat diperhatikan Akan tetapi, keluhan dari pengunjung tekait makanan hotel yang kurang di upgrade."
130,19,terakhir menginap di tgl may ke mau kamar saya request noted di acor untuk pihak hotel membantu saya dekorasi kamar untuk weding aniversary orang tua.,Pengunjung bisa melakukan request noted serta staff akan bergerak cepat ketika pengunjung complain.
151,23,makanan nya perlu di tingkatkan jangan set menu.,"Fasilitas hotel yang lengkap, akan tetapi beberapa fasilitas tersebut perlu untuk di upgrade maupun diperbaiki."
359,65,tempat parkirnya sangat luas jadi nyaman bagi pengunjung.,Parkiran juga sangat luas.
99,15,kamar besar dengan bed super nyaman.,Pengunjung betah di kamar karena nyaman dan luas.
372,67,porsi nya jga pun banyak.,Porsi juga banyak.
87,13,tapi menginap disini tidak mengecewakan hotel berlokasi ditengah kota bekasi dekat dengan mal sangat memudahkan kami untuk membeli keperluan menginap.,"Parkiran yang berada di area depan hotel, akan tetapi masih terbatas."
330,60,konsepnya sederhana tapi sangat unik.,Pelayan menggunakan pakaian khas jawa.
214,35,disini anda bisa mengajak anak untuk menonton proses terbentuk nya bumi dan serunya lagi anak bisa mengetahui berbagai jenis dinosaurus dan ukurannya plus berbagai macam jenis batuan dan proses terbentuknya.,Anak-anak pun juga tertarik dengan jenis dinosaurus dan fosil jenis batuan.
121,18,tersedia sarana prasana alat sholat ataupun al kitab jika pengunjung tak bawa dan aku merasa trenyuh sekali.,Pihak hotel juga menyediakan mukenah maupun al kitab untuk memudahkan pengunjung beribadah.
403,72,suasananya nyaman dengan layanan yang baik.,Pelayanan tanggap dan ramah.
20,3,pegawai hotel nya sangat ramah dan membantu.,"Fasilitas hotel lengkap dan bagus mulai dari ruang meeting, kolam, dan gym."
188,30,kalo mau parkir di luar area pvj memang ada cuma jauh ke belakang cape juga jalan.,Pengunjung juga bisa nongkrong di depan mall.
71,11,receptionist ramah dan cepat dalam memberikan pelayanan.,Pegawai hotel yang ramah serta cepat.
106,16,kesan pertama kami hotelnya slek dengan tone hitam putih monochrome.,Memberikan kenyamanan fasilitas pada anak-anak.
270,49,banyak pilihan untuk sushi sashiminya jg yg saya paling suka.,Makanan rata-rata segar dan enak apalagi sushi dan sashimi.
348,63,staf sangat membantu untuk mencarikan kursi dan juga menjelaskan sekaligus menawarkan makanan dan minuman yang tersedia.,Terlebih lagi pelayanannya ramah.
102,15,makanan disini juga sangat enak.,Makanan enak dan variatif.
