,text,keywords,target
0,surprisingly pihak resepsionis memberikan fre upgrade untuk stay di kamar hotel haris yang notabene bangunan hotel haris dan pop menjadi satu bangunan dan satu lokasi. disini pihak hotel hotel strategis dengan harga ekonomis kita bisa pilih kamar menghadap timur atau barat kolam renang di lantai bawah ada gerai janji jiwa sampai jam. proses check in pun berlangsung cukup cepat dan efisien. semua staf yang ada telah menggunakan masker sebagai alat pelindung diri. tempatnya nyaman rapi dan bersih. hotel ini memiliki pelayanan yg berbeda dengan lainnya staf yg friendly dan warm welcome kamar kecil tp wajar krn hotel budget pada umumnya hanya utk makan dan tidur saja. seperti dari handuk dl nya sudah siap di kamar.,"['menjadi satu bangunan', 'pop menjadi satu', 'resepsionis memberikan fre', 'memberikan fre upgrade', 'fre upgrade untuk', 'upgrade untuk stay', 'surprisingly pihak resepsionis', 'bangunan hotel haris', 'pihak resepsionis memberikan', 'haris yang notabene', 'notabene bangunan hotel', 'yang notabene bangunan', 'dan satu lokasi', 'haris dan pop', 'satu bangunan dan', 'bangunan dan satu', 'satu lokasi', 'dan pop menjadi', 'satu bangunan', 'hotel haris']","Hotel ini terletak di Gubeng, Surabaya dengan lokasi hotel yang strategis. Pelayanan yang diberikan pihak hotel sangat baik, cepat, ramah, serta hepful. Tidak lupa, selama pandemic COVID-19, pihak hotel menerapkan protokol kesehatan yang ketat baik untuk pengunjung maupun semua staff hotel. Adapun fasilitas yang ada di hotel tersebut memadai. Kebersihan hotel juga snagat diperhatikan Akan tetapi, keluhan dari pengunjung tekait makanan hotel yang kurang di upgrade."
1,hari menginap disini saya sangat terpuaskan dengan penyajian makanan dan juga kue nya yg terasa sangat lezat. untuk pelayanan dsini sangat bgs sekali. dagingnya empuk dan saos pilihan juga sangat sesuai dengan daging yg di gril. para waitres juga ramah melayani khususnya mas hendrik dan mbak devi yang selalu menebar senyum ramah kepada para tamu. semua disajikan dengan bersih dan bercita rasa. pago restaurant menyajikan makanan yg sangat enak untuk keluarga. kami merayakan ulang tahun ibu kami di restoran ini dan sangat dilayani baik oleh para pelayan. jarang ad hotel yang menyajikan makanan yang enak dan bercita rasa. cukup surprise jg krn sushi nya enak krn biasanya rata d hotel lain sushinya ga trlu berasa. makanan di sini ada berbagai macam mulai dari sate sosis ice cream bakpao soup kue dan sebagainya. ronde terakhir kita cicip desert yg bikin seger spt wafel dan macem cake.,"['hari menginap disini', 'menginap disini saya', 'terasa sangat lezat', 'terpuaskan dengan penyajian', 'disini saya sangat', 'saya sangat terpuaskan', 'hari menginap', 'menginap disini', 'disini saya', 'dan', 'sangat', 'sangat terpuaskan dengan', 'dengan penyajian makanan', 'sangat lezat', 'terpuaskan dengan', 'dengan penyajian', 'saya sangat', 'sangat terpuaskan', 'terasa sangat', 'penyajian makanan dan']",Makanan enak dengan ciri khas tertentu. Makanan yang direkomendasikan yaitu sushi dan grill. Pelayanan memang juara karena staf memberikan surprise untuk pengunjung yang ulang tahun. Suasana menjadi lebih nyaman karena ada live music.
2,hehehe restaurant favorite sima suasana diner malam itu sungu ramai dan berkesan. penyajiannya bagus dengan menu yang beragam.,"['hehehe restaurant favorite', 'ramai dan berkesan', 'restaurant favorite sima', 'favorite sima suasana', 'sima suasana diner', 'suasana diner malam', 'diner malam itu', 'malam itu sungu', 'itu sungu ramai', 'sungu ramai dan', 'hehehe restaurant', 'dan berkesan', 'restaurant favorite', 'favorite sima', 'sima suasana', 'suasana diner', 'diner malam', 'malam itu', 'itu sungu', 'sungu ramai']","Makanan di restoran ini rata-rata enak. Tersedia makanan indonesia, asia, india, dan western. Tempat nyaman dan cocok untuk anak-anak karena tersedia banyak cemilan dan interior lucu. Pelayanan juga memuaskan. Protokol kesehatan selalu ditaati oleh setiap staf."
3,dan di sini sepertinya cocok kalau mau foto buat preweding terletak di dataran tinggi dengan hawa pegunungan yang dingin. sebaiknya kalau muter di sini bawa peta lokasi karena areanya cukup luas dan biar ga bolak balik. selain udaranya sejuk banyak tanaman yang seger. di sini ada tempat yang paling unik ya di lutung kasarung. datang ke sini sebaiknya dr pagi biar puas keliling semua area. pondokan atau vila nya juga bersih dan rapi serta memanjakan mata kita dengan pemandangan danau yang cantik. mulai dari yang terletak disebelah fodcourt ada playground yang cukup bayar x bisa main sepuasnya dan boleh keluar masuk sepuasnya. dengan pemandangan yang sangat indah sangat menyenangkan bagi orang tua yang hanya ingin bersantai dan menikmati udara segar.,"['mau foto buat', 'foto buat preweding', 'sepertinya cocok kalau', 'cocok kalau mau', 'kalau mau foto', 'sini sepertinya cocok', 'pegunungan yang dingin', 'dataran tinggi dengan', 'tinggi dengan hawa', 'dengan hawa pegunungan', 'buat preweding terletak', 'hawa pegunungan yang', 'sepertinya cocok', 'mau foto', 'foto buat', 'buat preweding', 'dataran tinggi', 'hawa pegunungan', 'cocok kalau', 'kalau mau']",Dusun bambu memiliki daya tarik untuk menikmati sejuknya udara dan melihat indahnya pemandangan taman. Anak-anak juga senang karena ada fasilitas permainan untuk anak seperti memberi makan kelinci. Danau yang cantik juga cocok digunakan untuk foto-foto dan dinikmati menggunakan perahu. Tempat makan disini menyediakan makanan yang variatif dan khas jawa barat. Fasilitas lain yaitu penginapan berupa villa dan camping ground.
4,pendakian dimulai bersamaan jadi suasananya ramai. selamat mendaki bisa melihat blue fire yang ada di kawah ijen merupakan pengalaman yang tidak dapat terlupakan. rasa lelah saat mendaki terbayar lunas ketika tiba di kawah pemandangan yang luar biasa. wisata alam yang cukup membuat adrenalin dan energi terkuras. jalan menuju kawah ijen sudah disiapkan sedemikian rupa. kita bisa melelehkan capek dan penat kita dengan melihat pemandangan sekitar yang begitu eksotis dan indah. blue fire hanya dapat dilihat pada waktu dini hari. gunung ijen merupakan salah satu tujuan wisata di banyuwangi. namun terbayar dg pemandangan yg sangat sangat menakjubkan. saran saya jika tidak yakin lebih baik jangan diteruskan untuk melihat blue fire. meskipun mendaki utk sampai bs melihat blue fire sangatlah melelahkan yaitu kira kira tiga sampai empat jam dg medan yg sangat terjal. jadi jangan kawatir membayangkan akan tersesat karena jalan setapak tersebut dibangun untuk memenuhi syarat semua pengunjung dengan kenyamanan yang memadai. menurut pemandu blue fire tidak selalu dapat terlihat tergantung cuaca dan waktu. sesampai di tepi kawah ijen maka jika ingin melihat blue fire kita harus turun ke bawah kurang lebih berjarak meter. padahal banyak wisman yang ikut hiking terutama di akhir pekan. waktu mendaki yang di perbolehkan dari pukul empat sore sampai dua belas dini hari. jalannya sangat curam untuk jalur ini harus ekstra hati hati. mendaki gunung ijen adalah hal yang paling menakjubkan karena bukan perjalanan fisik lagi tapi harus dengan perjalanan hati dengan rute pendakian yang lumayan tinggi. untuk naik ke kawah ijen selain diperlukan perlengkapan mendaki juga perlu kesiapan fisik.,"['blue fire', 'jadi suasananya ramai', 'suasananya ramai', 'bersamaan jadi suasananya', 'dimulai bersamaan jadi', 'melihat blue fire', 'pendakian dimulai bersamaan', 'dimulai bersamaan', 'yang', 'blue', 'melihat blue', 'kawah ijen', 'fire', 'ijen', 'kawah', 'mendaki', 'melihat', 'dan', 'sangat', 'dengan']",Gunung ijen dapat memberikan pemandangan matahari terbit yang indah. Pemandangan lainnya yang dapat dinikmati yaitu Blue Fire. Jalan menuju Blue Fire sangat curam sehingga perlu kesiapan peralatan dan fisik.
5,pokoknya sepadan bgt buat makan disini friendly saat diner di pasola serasa di rumah dengan sambutan yg hangat. walaupun tempatnya gak begitu besar banget untuk ukuran al you can eat tapi jenis makanannya banyak juga thanks pasola thanks mba ziah. tawaran rekomen menu sop buntutnya memang d best selera mana aja yakin bener ga akan kecewa. makanan nya enak sebanding dengan pelayanan nya luar biasa. kuenya dia suka banget dan sorbet nya juara sih. ditambah lagi menu kopi gayo cury nya kopi di kari ternyata best top plus barata salmon yang kejunya nyumi bgt soft ga tralu asin creamy di barengin sama salmon smoke serasa lagi di negri lain. terimakasih untuk mango smoties yg di buat special untuk kami sekeluarga di hari terakhir kami sebelum check out. makanannya juga enak sashimi nya segar dan tidak amis. dateng kesini buat ngerayain ultah bener ganyangka servicenya sebagus itu. orangnya ramah bgt suka keliling nanyain ke pengunjung gmn makanannya dan ada keluhan atau tidak. desertnya juga unik dan enak. suka juga dengan nasi hainam mereka disini dipadu dengan bebek peking yang ada. kami selalu menghabiskan waktu libur lebaran di hotel ini. juga terimakasih untuk pak roby yg selalu melayani kami dengan sangat baik. impresi pertama ketika memasuki restoran ini adalah kesan elegant dan mewah yang dihadirkan di restoran ini. setiap pagi langsung di layani chef baik hati chef rosi chef pita yg tanggap memenuhi kebutuhan kami terutama kami yg membawa balita dan anak. selain tempatnya nyaman juga strategis karna dekat mal.,"['friendly saat diner', 'pokoknya sepadan bgt', 'rumah dengan sambutan', 'makan disini friendly', 'disini friendly saat', 'pokoknya sepadan', 'sambutan yg hangat', 'friendly saat', 'saat diner', 'dan', 'juga', 'kami', 'nya', 'dengan', 'bgt buat makan', 'sepadan bgt buat', 'untuk', 'buat makan disini', 'sepadan bgt', 'buat makan']",Pengunjung mendapat kesan pertama yang menyenangkan. Pelayanan memberikan salam yang ramah. Tempat nyaman dan strategis. Dekorasi juga tidak kalah menarik. Menu makanan variatif dan enak.  
6,kesan pertama kami hotelnya slek dengan tone hitam putih monochrome. at least kamar rapih bersih dan baik pelayanan hotel sangat baik tempat yang strategis sehingga bagi saya yang kecilegon untuk busines hotel ini sangat tepat karna tempatnya yang mudah diakses. kamarnya sangat bersih dan rapi staf sangat ramah dan pelayanan sangat baik sejak kami sampai hingga selesai menginap.,"['hitam putih monochrome', 'hotelnya slek dengan', 'slek dengan tone', 'dengan tone hitam', 'tone hitam putih', 'kesan pertama kami', 'pertama kami hotelnya', 'kami hotelnya slek', 'kesan pertama', 'putih monochrome', 'hotelnya slek', 'slek dengan', 'dengan tone', 'tone hitam', 'hitam putih', 'pertama kami', 'kami hotelnya', 'sangat', 'bersih dan', 'bersih dan baik']","Pelayanan dari Hotel Aston Cilegon cepat, solutif, ramah dan baik. Lokasi hotel yang mudah diakses karena dekat dengan CCM dan pusat Kota Cilegon. Kebersihan fasilitas hotel sangat diperhatikan terutama kolam renang. Memberikan kenyamanan fasilitas pada anak-anak. Kapasitas kamar hotel yang memadai. Desain kamar memberikan nuansa yang nyaman untuk pengunjung hotel. Pemesanan kamar hotel bisa melalui aplikasi pemesanan. Selain itu tersedia tempat spa, gym, serta tempat untuk bersantai."
7,di museum geologi kita dapat bersantai melihat lihat membaca dan merenungkan perjalanan sejarah umat manusia seiring dengan perkembangan alam sekitarnya bahkan mulai jaman prasejarah. museum geologi adalah salah satu museum yg wajib dikunjungi untuk mengajarkan anak tentang proses terbentuknya bumi. disini anda bisa mengajak anak untuk menonton proses terbentuk nya bumi dan serunya lagi anak bisa mengetahui berbagai jenis dinosaurus dan ukurannya plus berbagai macam jenis batuan dan proses terbentuknya. selain sering mendapatkan kunjungan wisata museum geologi bandung juga sering kali menjadi tempat tujuan study tour sekolah sekolah yang berlokasi di kota bandung dan sekitarnya. museum geologi mudah dijangkau karena lokasinya dekat dengan gedung sate atau ikon kota bandung. di tempat ini pengunjung juga dapat mempelajari banyak hal yang berhubungan dengan bencana alam bumi pemanfaatan sumber daya dengan benar cara mengolah energi dan lain lain. planet bumi yang kita diami ini sudah melewati sekian banyak fase dan perubahan dan kita mengetahui keadaan bumi kita saat ini yang juga terus berubah. hal ini dikarenakan koleksi yang dimiliki museum geologi bandung sangat berguna untuk pendidikan serta mempunyai nilai nilai sejarah kehidupan dan pelestarian alam yang sangat mendidik. disini pun kita bisa menonton tayangan tentang sejarah sejarah dunia ini. koleksi fosil yg lengkap koleksi batuan yg juga lengkap serta informasi tentang bencana alam juga tersaji dengan baik. indor activity yg sangat bermanfaat untuk menambah pengetahuan anak. dengan htm cuma rp utk dewasa dan rp utk anak sangat luar biasa murah untuk mendapatkan pengalaman menarik dan mengajarkan ilmu kebumian terhadap anak.,"['mulai jaman prasejarah', 'bersantai melihat lihat', 'melihat lihat membaca', 'umat manusia seiring', 'bahkan mulai jaman', 'museum geologi', 'sekitarnya bahkan mulai', 'dapat bersantai melihat', 'manusia seiring dengan', 'seiring dengan perkembangan', 'lihat membaca dan', 'membaca dan merenungkan', 'dan merenungkan perjalanan', 'merenungkan perjalanan sejarah', 'perjalanan sejarah umat', 'sejarah umat manusia', 'dan', 'jaman prasejarah', 'bersantai melihat', 'melihat lihat']","Museum geologi memberikan kesan yang menarik untuk mengenal sejarah dan prasejarah. Pengujung dapat belajar berkaitan dengan bumi seperti proses terbentuknya bumi, bencana alam, bumi, pemanfaatan sumber daya dengan benar, dan cara mengolah energi. Anak-anak pun juga tertarik dengan jenis dinosaurus dan fosil jenis batuan. Museum ini sangat bersih dan harganya sangat murah."
8,selain itu disana juga menyediakan tour heritage secara gratis. ingin beli souvenir museum ini juga menawarkan beberapa jenis souvenir. ada juga cafe yang terletak di sebalah art galery. selain bus fasilitas ini juga menyediakan guide ramah yang menemani kita sepanjang perjalanan. anda sebaiknya berkunjung di hari selasa sampai minggu karena tersedia bus heritage yang touring ke daerah historis sekitar house of sampoerna. bahkan disediakan bus utk city tour yg juga fre tapi kudu antri dan jangan datang kesiangan biar kebagian tempat utk berkeliling kota surabaya dgn bus milik sampoerna ini. anda dapat memotret di museum ini kecuali di lantai karena di lantai terdapat kaca yang bisa melihat pabrik kretek dengan pekerja yang aktif sehingga mungkin pihak dari sampoerna tidak mengizinkan untuk ambil gambar. ada bus khusus untuk wisata ini. setelah berkeliling kita balik lagi museum dan cobalah untuk mencicipi menu di kafenya. tempatnya keren menarik meskipun minimalis. meskipun tempatnya minimalis tapi cukup utk menambah wawasan dan berfoto foto ria. museum sampoerna atau lebih dikenal dengan house of sampoerna.,"['selain itu disana', 'heritage secara gratis', 'itu disana juga', 'secara gratis', 'itu disana', 'disana juga menyediakan', 'juga', 'selain itu', 'ini', 'yang', 'sampoerna', 'bus', 'disana juga', 'tour heritage secara', 'juga menyediakan', 'heritage secara', 'museum', 'gratis', 'selain', 'ini juga']",House of Sampoerna merupakan gedung dengan desain kolonial Belanda. Wisata ini memberikan informasi mengenai alat sampai produksi rokok. Tempat ini memamerkan koleksi rokok dari tahun ke tahun dan pameran foto atau lukisan tentang sejarah tempat ini. Pengunjung dapat membeli pernak-pernik seperti mug atau baju. Fasilitas lainnya yaitu tour heritage berkeliling ke tempat bersejarah dan kesenian di sekitar Surabaya. Hal yang paling menyenangkan yaitu biaya untuk masuk dan tour heritage gratis.
9,menunya banyak. lengkap enak dan yang pasti harganya terjangkau. tempatnya oke nyaman luas cocok untuk mengajak keluarga makan bersama. interiornya juga ga kalah dengan rasa steaknya. tempatnya juga sangat nyaman untuk kumpul bareng keluarga maupun sama teman teman. recomended steak hut merupakan tempat favorit keluarga kami untuk menikmati hidangan steak. rasanya yang konsisten terjaga nikmat porsi besar serta harga yang reasonable membuat steak hut selalu menjadi family favourite dining place in town. terutama yang menjadi menu favorit kami adalah hawaian hamburger steak griled norwegian steak serta tenderloin steak. steak hut menyediakan makanan berkelas dengan harga yang terjangkau. steak hut sangat menyenangkan dan saya sangat suka karena setiap ada di keluarga saya ulnang tahun pasti makan makan di steak hut.,"['menunya banyak', 'steak', 'steak hut', 'hut', 'yang', 'keluarga', 'untuk', 'menunya', 'banyak', 'makan', 'sangat', 'tempatnya', 'terjangkau', 'nyaman', 'harga yang', 'juga', 'harga', 'lengkap enak', 'dan', 'pasti']",Restoran yang menjadi langganan keluarga karena sangat nyaman dan luas. Desainnya juga menarik. Makanan steak enak dengan harga terjangkau. Setiap hari ada promo dari beberapa bank.
10,sarapannya enak dan mengikuti prokes sehingga kami merasa nyaman apalagi di masa pandemi. baru kali ini dapet hotel yg ada fasilitas utk keadaan darurat. selalu puas dengan pelayanan dan kamarnya sangat nyaman. sangat bersih rapih dan nyaman. makanan yang disediakan kualitas rasanya sangat baik. kamar mandi ada bathub dan hand shower. sejak tahun saya sudah menginap di redtop hotel. terkesan mewah dan banyak pilihan tergantung kapasitas orang yang akan datang. dekat ke beberapa pusat perbelanjaan dan banyak pilihan makanan disekitar hotel jalan kaki aja dari hotel. saya baru pertama menginap disini dan mendapatkan pelayanan yang sopan dan baik.,"['mengikuti prokes sehingga', 'prokes sehingga kami', 'sehingga kami merasa', 'kami merasa nyaman', 'merasa nyaman apalagi', 'sarapannya enak dan', 'enak dan mengikuti', 'dan mengikuti prokes', 'sarapannya enak', 'masa pandemi', 'mengikuti prokes', 'prokes sehingga', 'sehingga kami', 'kami merasa', 'apalagi di masa', 'dan', 'merasa nyaman', 'nyaman apalagi', 'enak dan', 'dan mengikuti']","Pelayanan ramah dan memuaskan. Staf benar-benar menjaga prokes pada saat pandemi. Kamar besar dan  fasilitas kamar juga baik. Lokasi strategis, dekat dengan tempat belanja dan tempat makan. Makanan enak tetapi lebih baik ditambah variannya. Fasilitasnya banyak mulai dari kolam renang, tempat fitnes, dan klinik 24 jam. Namun tidak ada ruangan khusus untuk perokok di restoran."
11,variasi makanan banyak bgt mulai dari western fod sampe lokal fod. menu yang wajib dicoba jika lunch disini adalah reuceuh rasanya enak. setelah itu langsung cari makanan yg menu nya buanyak banget. foto resto nya aja pas mau cabut. namun yang sangat disayangkan jika kita makan dan menit atau menit lagi sudah habis waktunya pelayannya tidak memberi tahu kami terutama pas lunch. pilihan menu kopi dan variant teh nya juga beragam.,"['banyak bgt mulai', 'bgt mulai dari', 'mulai dari western', 'dari western fod', 'western fod sampe', 'fod sampe lokal', 'sampe lokal fod', 'variasi makanan banyak', 'makanan banyak bgt', 'banyak bgt', 'bgt mulai', 'mulai dari', 'dari western', 'sampe lokal', 'western fod', 'fod sampe', 'lokal fod', 'variasi makanan', 'fod', 'makanan banyak']","Jenis makanan sangat variatif mulai dari sunda, eropa, dan asia timur. Ada beberapa makanan yang kurang enak yaitu steak dan sushi. Kedua makanan itu keras. Minuman kopi, teh, dan juice juga variatif. Pengunjung dapat melihat pemandangan kolam renang dan hutan yang indah. Apabila akhir pekan, restoran ini ramai sehingga pelayanan berantakan. Tempatnya masih dapat menampung pengunjung karena meja banyak. Meskipun demikian, staf sangat ramah dan memberikan kompensasi."
12,kawasan merapi sudah menjadi daya tarik tersendiri ketika kita kesana. mengunjungi merapi banyak hal yg dapat dilakukan contoh mendaki sampai pasar bubrah. kita mengelilingi museum merapi rumah mbah marijan bunker dan terakhir ofroad di sungai. sejak meletus di tahun banyak menyimpan misteri dengan ikon atau juga juru kunci merapi yang pada saat itu meninggal terkena letusan. gunung merapi adalah salah satu tempat menarik yang patut dikunjungi. mendaki dari jalur resmi yaitu selo. sebelum meletus lalu banyak jalur yang dapat dilalui menuju puncak. di museum merapi kita bs melihat rumah serta perabotan juga kendaraan dan tulang tulang hewan yang terkena erupsi merapi. di pasar bubrah dapat melihat matahari terbit dan gunung merbabu di seberangnya dan gunung gunung yg lain dan pemandangan indah. perjalanan dengan medan yang menantang sambil disuguhkan pemandangan yang indah. ketika kesana kita disuguhi pemadangan yang indah beberapa kota terkemuka antara lain yogja boyolali solo sukoharjo dan magelang. kalo mau berkemah juga bisa berangkat lebih awal setelah isya. disarankan hanya sampai pasar bubrah saja. letak yang strategis memudahkan akses untuk sampai di gunung merapi.,"['sudah menjadi daya', 'menjadi daya tarik', 'daya tarik tersendiri', 'kawasan merapi sudah', 'merapi sudah menjadi', 'tarik tersendiri ketika', 'sudah menjadi', 'menjadi daya', 'daya tarik', 'tarik tersendiri', 'merapi', 'yang', 'dan', 'gunung', 'kawasan merapi', 'kita', 'merapi sudah', 'pasar bubrah', 'pasar', 'banyak']",Merapi memiliki daya tarik tersendiri karena pemandangan yang indah. Letaknya strategis sehingga lebih mudah untuk sampai di Gunung Merapi.
13,jd kya kurang terkoordinasi aja tmptnya. tp studionya gede beda sm cgv di kota saya hehehe. kebetulan kmren pilih d journal kopinya oke dan bisa sambil belajar jg dsna hehe. dan di tmpt cgv itu ada brpa tmpt makan lagi. kalo menurut sy kurang tertata rapih jadi setiap orang harus terus menyusuri koridor per koridor untuk mengetahui setiap toko yg ada. dan untuk diperhatikan sebagian besar mal yg berada di bandung pembayaran parkir ada yg hanya menerima kartu pembayaran dari bank mandiri saja pvj seperti itu bip menerima ovo flash dan sejenisnya. kalo mau parkir di luar area pvj memang ada cuma jauh ke belakang cape juga jalan. sayang saat di sana kok kurang nyaman. saya coba kesana sama pacar dan memang bener itu keren banget. setiap berkunjung kesini pasti selalu ribet untuk parkir nya.,"['terkoordinasi aja tmptnya', 'aja tmptnya', 'kya kurang terkoordinasi', 'kurang terkoordinasi aja', 'terkoordinasi aja', 'dan', 'ada', 'kya kurang', 'kurang terkoordinasi', 'tmptnya', 'kurang', 'itu', 'untuk', 'parkir', 'setiap', 'kya', 'terkoordinasi', 'aja', 'kalo', 'cgv']",Paris Van Java merupakan mall yang memiliki fasilitas yang lengkap. Banyak barang dengan merk-merk yang bagus. Pengunjung juga bisa nongkrong di depan mall. Kekurangannya yaitu tempat parkir lumayan sempit. Desainnya mall kurang tertata rapi sehingga bingung untuk mencari toko. Toilet kurang bersih dan masih sedikit.  
14,kawahnya menjadi pemandangan yang sangat indah dan gunungnya pun tak kalah indahnya. kawah tangkuban perahu dapat dijangkau menggunakan mobil atau motor dengan tiket masuk yang murah dan dapat menjadi tempat asik untuk berlibur dengan keluarga menikmati pesona alam yang indah dan bagus sekali dan sayang untuk dilewatkan. jadi jangan heran kalau disana kita disambut dengan bau belerang yang sangat menyengat. tangupan perahu merupakan tempat yang sangat indah untuk di kunjungi. terletak di dataran tinggi tempat ini menjanjikan udara yang sejuk dan segar. indonesia tidak pernah kekurangan stock tempat wisata yang mengagumkan salah satunya tangkuban perahu. tangkuban perahu merupakan salah satu gunung yang terletak di jawa barat. ada pula legenda masyarakat jawa barat yang mengisahkan tentang asal mula adanya gunung tangkuban perahu. terdapat kawah lain yang dapat merebus telur. ada banyak pilihan untuk mencapai puncak gunung tangkuban perahu bisa dengan menggunakan mobil pribadi atau sepeda motor.,"['tak kalah indahnya', 'gunungnya pun tak', 'pun tak kalah', 'kawahnya menjadi pemandangan', 'dan gunungnya pun', 'indah dan gunungnya', 'tangkuban perahu', 'kalah indahnya', 'yang sangat indah', 'yang', 'gunungnya pun', 'pun tak', 'tak kalah', 'menjadi pemandangan yang', 'sangat indah dan', 'indah dan', 'sangat indah', 'pemandangan yang sangat', 'kawahnya menjadi', 'perahu']","Gunung tangkuban perahu memberikan pemandangan yang sangat indah. Tetapi gunung ini memiliki bau belerangnya menyengat karena gunung aktif. Pengunjung mudah ke puncak dengan menggunakan mobil atau motor. Ada fasilitas untuk penyewaan kuda. Selain menikmati pemandangan, pengunjung dapat membeli oleh-oleh. "
15,makanan nya enak enak dan banyak pilihan macam menu nya. banyak pilihan untuk sushi sashiminya jg yg saya paling suka. apalagi restaurant nya itu sana sini restaurant nama nya cukup unik dan menarik. sate kambingnya saya suka. banyak berbagai macam makanan semua tersedia disini. lunch di sana sini after church dari pertama kali masuk ke hotel pelayanan yang saya dapatkan sangat ramah sekali. kami sangat senang dan puas diner di sana sini pulman thamrin dan sgt merekomendasikan untuk makan disini. dengan menu bufet yg sangat banyak dan enak. restauran sana sini mwmang cocok untuk keluarga teritama untuk anak saya. pokoknya gak akan nyesel untuk makan di sana sini. pelayanan yang cukup great banget buat mbak irma. setelah saya ditempatkan di meja yang sangat nyaman dan cozy sekali. pengalaman saya menginap staf di pulman hotel beberapa hari yang lalu itu sungguh menyenangkan. sangatlah cocok buat keluarga. pelayanananya juga bagus sigap dan cepat. rasa dan tekstur makanannya juga fresh dan enak enak semua.,"['sana sini', 'dan', 'sana', 'sini', 'banyak pilihan', 'saya', 'nya', 'enak', 'untuk', 'banyak', 'sangat', 'yang', 'pilihan', 'banyak pilihan macam', 'banyak pilihan untuk', 'pilihan macam', 'suka', 'dan banyak pilihan', 'pilihan macam menu', 'pilihan untuk sushi']","Sambutan yang hangat diberikan oleh staf ketika pengunjung datang. Restoran menggunakan model buffet dengan makanan yang variatif mulai dari makanan khas indonesian, chinese, japanese, dan eropa tersedia. Makanan rata-rata segar dan enak apalagi sushi dan sashimi. Dessert nya juga enak. "
16,terakhir menginap di tgl may ke mau kamar saya request noted di acor untuk pihak hotel membantu saya dekorasi kamar untuk weding aniversary orang tua. namun lift hotel bagus sudah dapat digunakan mereka yg disable tidak bisa jalan. kamarnya luas dan bersih kamar mandi juga luas dan sangat bersih. saya amat menikmati pada saat menginap di samator apabila ada komplain kecil segera dibantu oleh pak dhika dan menservice yg terbaik pesan novotel ini karena ingin coba hotel baru yang ada di pinggir kota dan ada kolam renangnya. terima kasih untuk bu sherly dan jajaran semua nyaman menginap di novotel samator dg byk fasilitasnya utk kmr nyaman besar fasilitas yg di kmr ok tiap hari di bersihkan petugasnya ramah satpam nya jg ramah sopan dan membantu jg costomer yg dtg.,"['aniversary orang tua', 'weding aniversary orang', 'saya request noted', 'acor untuk pihak', 'untuk weding aniversary', 'orang tua', 'request noted', 'noted di acor', 'weding aniversary', 'aniversary orang', 'mau kamar saya', 'kamar saya request', 'saya dekorasi kamar', 'pihak hotel membantu', 'untuk pihak hotel', 'dekorasi kamar untuk', 'kamar untuk weding', 'membantu saya dekorasi', 'terakhir menginap', 'pihak hotel']","Novotel berlokasi di pinggiran kota Surabaya. Pemberian fasilitas seperti supermarket yang berada di lingkungan hotel memudahkan pengunjung sehingga tidak perlu keluar area hotel untuk sekedar berbelanja makanan. Fasilitas yang diberikan juga memadai seperti parkiran. Selain itu pelayanan yang diberikan juga memuaskan, cepat, memperhatikan kebersihan hotel. Staff hotel yang sopan, ramah, serta helpul sehingga tidak mengecewakan pengunjung. Pengunjung bisa melakukan request noted serta staff akan bergerak cepat ketika pengunjung complain. Kemudahan booking melalui aplikasi chat juga disuguhkan oleh pihak hotel."
17,thanks. untuk menu nya cukup variatif makanan khas sunda. menu yang ditawarkan cukup beraneka terutama masakan sunda. rumah makan bumi aki merupakan restoran sunda yg menyajikan masakan sunda. tempat yang nyaman suasananya terkesan hangat. menu yang disajikan nerupakan makanan tradisional sunda.,"['sunda', 'menu', 'yang', 'menu yang', 'untuk menu nya', 'masakan sunda', 'cukup', 'masakan', 'untuk menu', 'menu nya cukup', 'nya cukup variatif', 'makanan', 'menu nya', 'nya cukup', 'cukup variatif', 'variatif makanan khas', 'cukup variatif makanan', 'untuk', 'khas sunda', 'variatif makanan']",Rumah makan sunda dengan pemandangan sangat indah dan suasananya nyaman. Tempat ini bersih dan asri. Terdapat fasiitas mushola. Fasilitas lain yaitu tempat bermain anak-anak sehingga mereka tidak bosan. Makanan memiliki banyak varian dan rasa cukup enak. Harganya standar sama seperti resto lainnya. 
18,tempat ini sangat cocok untuk anak mempelajari dari dekat satwa liar yang sulit ditemukan. dengan biaya masuk yang relatif murah dan juga terjangkau untuk kalangan ke bawah sampai menengah ini merupakan destinasi wisata favorit. meski ramai pengunjung suasana tetap kondusif untuk bercengkerama dengan keluarga sembari menikmati kebun binatang. saya mengajak untuk kembali kita meramaikan kebun binatang ragunan sebagai wujud kepedulian kita terhadap satwa serta memberikan kontribusi positif agar kebun binatang ragunan dapat lebih maju dan terawat terutama untuk satwa yang ada. banyak sekali spot kandang binatang yang wajib dikunjungi. ada juga berbagai jenis tanaman yang rimbun. sempat kagum ternyata di kota besar seperti jakarta masih ada hutan hijau yang sangat teduh. tempat ini cocok banget buat liburan bersama keluarga.,"['anak mempelajari dari', 'mempelajari dari dekat', 'dari dekat satwa', 'dekat satwa liar', 'yang sulit ditemukan', 'untuk anak mempelajari', 'liar yang sulit', 'sulit ditemukan', 'anak mempelajari', 'mempelajari dari', 'dari dekat', 'kebun binatang', 'tempat ini', 'untuk', 'yang', 'binatang', 'cocok untuk anak', 'satwa liar yang', 'kebun binatang ragunan', 'dekat satwa']","Taman mini ragunan cocok untuk liburan bersama keluarga. Wisata dengan harga terjangkau di Jakarta. Tempatnya luas dan bersih. Anak-anak dapat belajar mengenal jenis tanaman dan binatang. Jenis binatang antara lain unggas, ular, dan mamalia. Fasilitasnya juga semakin baik mulai dari kondisi binatang dan kandang. Namun, tempat makan disini kurang banyak."
19,danar hadi oleh tour guide nya. dengan sentuhan humor disana sini perjalanan mengelilingi museum jadi terasa menyenangkan. dengan berkunjung ke museum ini jadi mengerti beragam batik yang ada di indonesia. sungguh tidak rugi meluangkan waktu untuk mengunjungi museum ini. dengan modal tiga puluh lima ribu rupiah saya dapat mengenal batik lebih dalam dari petugas yang mendampingi saya selama di museum. diluar museum pun banyak spot spot menarik yang dapat menjadi background foto. disini kita bisa mengetahui sejarah pembuatan batik dan juga penggunaannya di era dulu. dan pastinya membuat masyarakat semakin mengenal dan mencintai batik tempat yg sangat menarik bagi pecinta batik. namun setelah kita masuk akan ada suatu koleksi batik yg mengagumkan. banyak sekali ragam serta motif batik yang dipamerkan disini mulai dr batik di era kesultanan yogyakarta dan kesunanan surakarta hingga di era saat ini.,"['danar hadi oleh', 'tour guide nya', 'hadi oleh tour', 'oleh tour guide', 'danar hadi', 'guide nya', 'hadi oleh', 'oleh tour', 'tour guide', 'batik', 'museum', 'dengan', 'yang', 'dengan sentuhan humor', 'dan', 'museum ini', 'ini', 'jadi terasa menyenangkan', 'danar', 'nya']","Museum batik danar hadi memberikan kesan yang tidak membosankan karena sangat informatif. Pengunjung diajak untuk mengenal sejarah, mengetahui pembuatannya langsung, dan perbedaan motif di setiap daerah. Harga tiket sangat sepandan karena pengunjung bisa mengenal batik dengan sajian yang menarik. Pengunjung juga bisa membeli batik sebagai oleh-oleh yang terkenal dengan kualitasnya yang bagus."
20,biarpun saya menginap hanya semalam namun pelayananan di hotel ini sangat bagus. pengalaman saya makan di restoran ini sangat memuaskan. kami check in jam siang adik saya sudah terlebih dahulu naik ke kamar kami. masuk ke kamar kamarnya lumayan tidk terlalu kecil pas dengan rate yang saya dapat. saat saya masuk ke kamar mandi ternyata heksos nya tidak berfungsi dan sayangnya handuknya bau kaporit. kamarnya pun dapt view yang lumayan baik. tapi kamarnya bersih dan luas. kamar tidak ada kendala telepon wifi ac dan air panasnya juga berfungsi dengan baik. juga aroma lemari pakaian yg agak kurang enak karena tidak ada pewanginya. tapi menginap disini tidak mengecewakan hotel berlokasi ditengah kota bekasi dekat dengan mal sangat memudahkan kami untuk membeli keperluan menginap. over al bagus dan nyaman menginap disini tapi kalau wekend disarankan lebih pagi kalau mau sarapan karena ramai dan kadang kehabisan makanan jadi harus menunggu dulu.,"['hanya semalam namun', 'semalam namun pelayananan', 'hanya semalam', 'semalam namun', 'namun pelayananan', 'menginap hanya semalam', 'ini sangat', 'ini sangat memuaskan', 'saya', 'kamar', 'biarpun saya', 'dan', 'sangat', 'restoran ini sangat', 'tidak', 'ini', 'menginap', 'biarpun saya menginap', 'biarpun', 'hotel ini sangat']","Hotel Aston berlokasi di tengah Kota Bekas. Hotel tersebut juga dekat dengan pusat perbelanjaan yang ada di kota tersebut. Pelayanan oleh pegawai hotel cepat (dalam menangani complain pengunjung), ramah, serta tanggap. Fasilitas yang disediakan seperti makanan, service, kebersihan, serta kelengkapan bagus. Varian makanan juga variative. Parkiran yang berada di area depan hotel, akan tetapi masih terbatas."
21,saya sangat puas sekali dengan pelayanan dari mardian karena mengantarkan nodle ke meja saya. saya dan pasangan saya ucapkan terima kasih kepada salah satu staf yang bernama marisha beliau sangat ramah juga baik membatu kami dan menjelaskan bufet yang ada disana. semua stafnya juga ramah mau membantu untuk foto dan memberikan info promosi apa saja ke kami. pengunjung tidak ramai jadi kami bisa lebih bersantai untuk menikmati hidangan yang ada. stafnya juga sangan membatu dan ramah. selain menu yang bervariasi saya sangat merasa senang karena dibantu untuk menghidangkan bufetnya dengan pelayanan yang ramah cepat dan tanggap salah satunya chefnya yg ada di asia section yaitu maria sangat ramah dan selalu senyum untuk membantu saya dalam membuat nodlenya. dari harga yang ditawarkan rasanya sayang sekali jika anda hanya mencicipi sedikit menu yang ada harga sudah termasuk minuman seperti air putih kopi dan teh.,"['mardian karena mengantarkan', 'karena mengantarkan nodle', 'saya sangat puas', 'mengantarkan nodle', 'nodle ke meja', 'saya', 'sangat puas sekali', 'yang', 'dan', 'sangat', 'sangat puas', 'saya sangat', 'ramah', 'meja saya', 'puas sekali dengan', 'pelayanan dari mardian', 'sangat ramah', 'ada', 'dari mardian karena', 'untuk']",Restoran ini memberikan kesan yang menyenangkan untuk pengunjung terhadap pelayanan yang ramah dan tanggap. Makanan disiapkan dengan model buffet. Beef wagyu sangat direkomendasikan karena enak dan lembut. Jenis makanan bervariatif dan enak mulai dari makanan nasional sampai internasional.  Dessert berupa buah dan cake. Fasilitas lainnya yaitu live music dan tempat bermain anak-anak. Tempat ini sangat cocok untuk keluarga dan teman.
22,pegawai hotel nya sangat ramah dan membantu. ruang meting nyaman snack dan makannya enak dan petugas banquet sm enginer yg sigap dan standby selama meting berjalan. rekomendasi yg baik buat yg mau menginap di jakarta. dengan harga yg hemat tp dapat fasilitas yg memuaskan. tolong di tingkatkan lagi kebijakan hotel mengenai jangan ada keributan yg heboh party policy dikamar karna akan mengganggu tamu yg lain.,"['nya sangat ramah', 'ramah dan membantu', 'sangat ramah dan', 'pegawai hotel nya', 'hotel nya sangat', 'nya sangat', 'sangat ramah', 'dan membantu', 'ramah dan', 'nyaman snack dan', 'snack dan makannya', 'dan makannya enak', 'makannya enak dan', 'enak dan petugas', 'dan petugas banquet', 'sigap dan standby', 'dan standby selama', 'pegawai hotel', 'dan', 'ruang meting nyaman']","Hotel memberikan pengalaman yang menyenangkan untuk kenyamanan dan kebersihan. Fasilitas hotel lengkap dan bagus mulai dari ruang meeting, kolam, dan gym. Harganya cukup terjangkau. Makanan enak. Hal lain yang menjadi unggulan yaitu pelayanan staf yang cepat dan solutif.  Kekurangannya hanya di lorong kamar yang panas dan sebagian kamar yang tidak kedap suara."
23,kami beberapa kali menginap disini karena hotelnya dekat sekali dengan kantor cabang suami yang di bandung. hotel ini sangat keren dari segi lay out kamar dan bangunannya bersih semua fasilitas sesuai dan berjalan normal kami dapat kamar di lantai rom studio yg keren abis dan dapet view langsung kota bandung yg mantul bgt. pegawai hotel pun ramah terutama pegawai yg bernama achmad di bagian fod n baverage yg ramah dan membantu sya untuk naik turun lift dr kamar tanpa kartu untuk sekedar turun ke bawah loby menikmati minuman segar di bar dan mencari makanan untuk istri saat malam. hotel ibis style braga bandung adalah hotel yg kesekian kalinya sya dan keluarga kecil sya untuk menginap dan mencari tempat yg nyaman diluar rumah untuk sekedar melepaskan penat dan refreshing. saya konfirmasi ditelepon sebelum kedetangan pada hari yang sama kamar saya di upgrade menjadi kamar superior dan kamar standard. pelayanan hotelnya pun oke. untuk kamar nya lumayan besar terutama kamar mandi nya yang sangat besar. dan untuk sarapan nya enak enak makanan nya walaupun kurang banyak pilihan. makanannya enak walau variannya tidak terlalu banyak. kamar yang kami tempati adalah fun family rom dekorasi ruangannya unik dan cantik. dari luar hotel nya masih terlihat vintage karena memang disana daerah kota tua tetapi dalam nya sudah sangat modern. cocok diinapi keluarga yang mempunyai orang anak karena kamarnya terpisah dengan kamar orang tua. pelayanan cs disana sangat ramah dan yang pasti orang nya cantik cantik terutama yang namanya giani.,"['kantor cabang suami', 'kami beberapa kali', 'beberapa kali menginap', 'kali menginap disini', 'hotelnya dekat sekali', 'dan', 'cabang suami yang', 'dekat sekali dengan', 'sekali dengan kantor', 'dengan kantor cabang', 'kamar', 'beberapa kali', 'dekat sekali', 'kantor cabang', 'cabang suami', 'untuk', 'yang', 'nya', 'hotel', 'kami beberapa']","Hotel Ibis terletak di pusat kota Bnadung. Pemilihan lokasi strategis yakni dekat dengan Masjid Agung Bandung, Alun-Alun Bandung serta pusat perbelanjaan oleh-oeh. Lingkungan luar maupun dalam hotel yang bersih, di dukung dengan pelayanan hotel yang ramah, cepat, dan sigap. Hotel tersebut dilengkapi dengan playground area. Selain itu, desain hotel yang menarik, fasilitas yang cukup lengkap, serta view yang menghadap ke arah kota Bandung menjadi daya tarik pengunjung. Akan tetapi, variasi makanan yang dirasa perlu untuk ditambah dan setiap hari perlu untuk diganti."
24,sudah di dalam antri lagi utk main satu wahana bisa satu jam. antrian penukaran tiket memakan waktu jam. ada satu pertunjukan yang hanya di play sekali dalam sehari. kemarin kesini pas lagi awal puasa jadi agak sepi. sayangnya pas awal beli tiket gk di tnyin mau peta gak. karena sepi pas datang jadi clean aja. tapi ya sudah lah yah. tentang cleanes sih gk ush di tny yah. beli online dan ofline antriannya sama yg beli ofline nanya soal promo jadi bikin sangat lama di loketnya. ga rekomen untuk di kunjungi ke x karena tiketnya juga mahal ya. setelah jam sampai loket tukar tiketnya ga sampe menit berasa rugi waktu banget mendingan tiket tidak usah di jual online sekalian hanya mau untung saja tpi tidak mau memfasilitasi dengan baik. wahana nya juga tidak banyak untuk indor ac tidak terasa malah enakan main di tp outdor setidaknya masih ada angin yg berhembus.,"['antri lagi utk', 'bisa satu jam', 'dalam antri lagi', 'satu wahana bisa', 'utk main satu', 'wahana bisa satu', 'lagi utk main', 'bisa satu', 'dalam antri', 'antri lagi', 'lagi utk', 'jam', 'satu', 'utk main', 'wahana bisa', 'satu jam', 'tidak', 'tiket', 'pas', 'memakan waktu jam']",Wisata ini memberikan pelayanan yang kurang menyenangkan. Mulai dari tiket online yang tidak sesuai dengan fasilitasnya sampai wahana yang standar. Pertunjukannya juga mengecewakan karena tidak sesuai dengan yang ditawarkan. Antrinya cukup panjang di setiap wahana. Pengunjung tidak boleh membawa makanan dan minuman dari luar sehingga dianjurkan untuk membeli makanan dengan harga cukup mahal disini.
25,meting lancar makanan enak mod bos bagus. pagi hari disambut oleh gm po hotel yg ramah bgt dan bikin tamu ga sungkan jd makin enjoy aja meting pagi dlm kondisi resto yg ckp ramai. nginep semalem disini mendadak pak bos minta breakfast meting. terima kasih banyak next time akan selalu nginep di po hotel tiap ke semarang. ga nyangka akan pnya kesan yg sgt baik sama po hotel dan tim. terima kasih kepada seluruh jajaran pegawai po hotel yg memberi pelayanan yg sangat memuaskan. meting kondusif dan lancar dibantu sm waitres yg cekatan dan luwes bgt treatment kita dg makanan resto yg semua enak bahkan dijagain security juga. meting sm client jd makin pede dan enjoy. minusnya ac di lorong kamar hotel terlalu dingin. kamarnya cukup luas dan nyaman. keluarga juga menginap di sana selama acara weding untuk po hotel sendiri memberi pelayanan yg sangat baik menu weding enak dan test fod sebelum acara juga sangat baik. makanan di restoran sangat nikmat bervariasi dan selalu berganti menu setiap harinya. dari icha dan satria meskipun sekarang sudah berganti manajemen saya rasa kualitasnya tetap terjaga dengan baik. towel di kamar pun tidak lagi warna putih di sepanjang koridor kamar dan waktu menuju ke resto di lt banyak sekali kebocoran di atap jadi terkesan kumuh karena seperti berjamur. pelayanan staf yang menunggu diruangan juga cepat dan tanggap. kami tamu membayar mahal dan mendapat qualitas spt bintang hotel. ranjangnya juga besar sekalipun bukan double bed. hal yang paling saya suka adalah sarapan pagi.,"['mod bos bagus', 'dan', 'hotel', 'enak mod bos', 'meting', 'bos bagus', 'mod bos', 'juga', 'makanan enak mod', 'sangat', 'baik', 'enak mod', 'terima kasih', 'pelayanan', 'resto', 'makanan', 'enak', 'bos', 'bagus', 'pagi']","Hotel yang bisa digunakan untuk liburan dan bisnis. Ruang pertemuannya memiliki fasilitas yang lengkap. Pelayanan cepat dan memuaskan. Kamar nyaman dan kasurnya luas. Menu makanan enak. Beberapa fasilitas di hotel yaitu lampu, lift, towel, dan atap mengecewakan. "
26,rasa steak nya enak dengan harga yang standar. menu dan rasanya juga matap. steak di sini sangat berkualitas dan harganya benar benar sesuai dengan harga yang ditawarkan.,"['rasa steak nya', 'harga yang standar', 'nya enak dengan', 'steak nya enak', 'nya enak', 'enak dengan harga', 'yang standar', 'dengan harga yang', 'rasa steak', 'dengan harga', 'harga yang', 'enak dengan', 'rasa', 'standar', 'harga', 'steak nya', 'harga yang ditawarkan', 'dengan', 'yang', 'nya']","Restoran menjual varian steak yang berkualitas dan enak. Tempat cocok untuk makan bersama keluarga dan teman. Harga sangat sepadan, pengunjung juga diperbolehkan untuk menambah sauce secara gratis. Pelayanan juga sempurna karena staf baik dan ramah."
27,kamarnya juga bersih. tetapi ac nya dingin banget. variasi makanan juga banyak untuk breakfast dan lunch. gym nya juga fasilitasnya lengkap. tetapi fasilitas dan layanannya tetap bagus. fasilitasnya lengkap ada gym kolam renang ruang meting yang banyak fasilitas dikamar pun juga cukup bagus. kep it up milenium hotel ini terletak di tengah kota jakarta rekat sekali dengan pasar tanah abang bisa jalan kaki. dekat juga d engan plaza sarinah monas bundaran hi plaza indonesia dan berbagai kantor pusat pemerintahan. hotel ini usianya sudah cukup tua. tersedia shutle gratis di jam tertentu yang mengantar ke plasa sarinah dan plasa indonesia. hotel ini juga sangat strategis. saya mempunyai hotel andalan yg selalu saya kunjungi manakala saya bertugas di jakarta yaitu hotel milenium sirih jakarta. lokasi ga usah ditanya lagi kehadiran hotel ini memudahkan akses buat yang kunjungan bisnis ataupun jalan jalan.,"['kamarnya juga bersih', 'juga', 'hotel', 'ini', 'kamarnya juga', 'juga bersih', 'dan', 'hotel ini', 'kamarnya', 'bersih', 'yang', 'jakarta', 'jalan', 'tetapi', 'saya', 'bagus', 'fasilitasnya lengkap', 'nya', 'fasilitasnya', 'lengkap']","Hotel berlokasi di tengah kota sehingga mudah kemana-mana. Suasana hotel nyaman dengan aroma sereh yang menyegarkan. Hotel juga memiliki taman gantung yang luas. Secara umum kamarnya memiliki fasilitas yang lengkap dan pemandangan yang indah. Kamar yang luas adalah jenis superior. Fasilitas lengkap karena ada kolam renang, gym, steam room, sauna, dan whirlpool. Makanan bervariasi."
28,jadi akses ke museum ini sangat mudah sekali. secara umum museum menarik dengan fasilitas yang bagus. saya dan keluarga mengunjungi museum nasional sekitar sebulan yang lalu. lantai favorit saya adalah lantai yang memamerkan perhiasan emas dan permata. kebetulan saya menggunakan mobil dan tersedia parkir di basemen. masuk kedalamnya kita harus menitipkan tas dan air minum disediakan juga buku kecil tentang museum nasional dan isinya. meski menurut saya agak kontradiktif karena karya kontemporer modern berada di area bangunan klasik.,"['sangat mudah sekali', 'ini sangat mudah', 'museum ini sangat', 'jadi akses', 'mudah sekali', 'ini sangat', 'sangat mudah', 'museum ini', 'museum', 'dan', 'saya', 'jadi', 'sekali', 'museum nasional', 'yang', 'secara umum museum', 'fasilitas yang bagus', 'akses', 'ini', 'sangat']",Museum Nasional atau Museum Gajah sangat menarik dan fasilitasnya memuaskan. Pameran yang disediakan juga bagus dan informatif. Museum ini menyediakan prasasti dan peninggalan sejarah Indonesia lainnya. Tempat ini juga mengadakan acara pameran yang berdasarkan tema tertentu misalnya Asian Games. Tiket masuk tergolong sangat murah.
29,untuk minumannya mojito nya enak manis kecut nya pas dan terisi buah buahan. porsi nya jga pun banyak. recomended lah klw k bandung. saya bersama rekan kerja kesini untuk merayakan perpisahan. poko nya saya akan kesini lagi untuk nongkrong nongkrong dan kumpul. untuk harga memang mahal tapi sepadan lah. tempat nya cantik apalagi di malam hari.,"['terisi buah buahan', 'enak manis kecut', 'pas dan terisi', 'dan terisi buah', 'buah buahan', 'minumannya mojito nya', 'mojito nya enak', 'nya enak manis', 'manis kecut nya', 'kecut nya pas', 'untuk minumannya mojito', 'minumannya mojito', 'enak manis', 'manis kecut', 'terisi buah', 'nya', 'nya pas dan', 'pas dan', 'dan terisi', 'untuk']","Tempat makannya lesehan yang membuat pengunjung nyaman seperti makan di taman. Suasana semakin indah di malam hari. Hal memuaskan lainnya pelayanan ramah. Makanan enak terutama steak. Porsi juga banyak. Minuman mojito juga banyak buahnya. Harga sesuai dengan rasa. Namun, ada kendala wifi yang error.  "
30,menurut saya bufet makanannya sangat bervariasi unik dan ada beberapa makanan yg jarang saya temui. penataan makanan yg apik pilihan lumayan banyak lah meskipun tdk terlalu lengkap mengingat harganya yg sangat murah net promo bca menjadi net jadi masih sangat bisa diterima. god so far untuk kualitas makanannya. dari berbagai resto hotel yg pernah sy kunjungi di jakarta dan berbagai daerah di indonesia resto grand mercure kemayoran adalah yg terbaik bagi saya. restaurant ini sangat cocok untuk acara besar kantoran maupun keluarga. elnicko buat keramahannya. untuk pelayanananya juga sangat memuaskan staf nya ramah terutama mba chia yang sangat responsif dan membuat saya sangat senang menghabiskan waktu berlama lama makan disini.,"['ada beberapa makanan', 'jarang saya temui', 'menurut saya bufet', 'bervariasi unik dan', 'unik dan ada', 'dan ada beberapa', 'sangat bervariasi unik', 'bervariasi unik', 'ada beberapa', 'beberapa makanan', 'makanan yg jarang', 'saya bufet makanannya', 'bufet makanannya sangat', 'makanannya sangat bervariasi', 'sangat', 'bufet makanannya', 'menurut saya', 'saya temui', 'unik dan', 'dan ada']",Restoran dengan model ala carte dan buffet. Pengunjung senang memilih buffet karena makanan variatif dan unik. Namun harganya terbilang mahal kalau tidak ada promo. Hal menyenangkan lainnya restoran luas sehingga cocok untuk acara besar. Pelayanan juga sangat memuaskan. 
31,gedungnya keren dengan arsitektur bergaya kolonial. tempat ini dulunya sangat angker sekarang sudah direnovasi menjadi objek wisata yang menarik. satu ciri khas bangunan ini yg sangat menakjubkan adalah cahaya matahari tembus di mosaik dinding utama main entrance yg penuh warna warni. bangunan yang telah memiliki renovasi namun tidak menghilangkan khas bangunan tua menambah keindahan dan kesempurnaan bangunan tua. ada ruangan khusus untuk menonton film tentang sejarah perkeretapian. berbeda dengan sebelum dibuka untuk umum bangunan ini sangat memberi kesan seram atau angker namun saat ini kesan berubah menjadi tempat yang indah untuk berselfie ria. berada di kota semarang belum lengkap jika tidak mengunjungi bangunan tua yang mempesona di tengah kota semarang yang bernama lawang sewu. yang aku rasakan adalah suatu keagungan arsitektur peninggalan zaman belanda. terhapus karena pas kesana ada banyak sekali wisatawan yg berkunjung trus juga ada pagelaran musik kagum banget dengan arsitek dan peninggalan di lawang sewu yang masih terjaga dengan baik. jadi bagi kamu yg akan liburan ke semarang gak sah rasanya kalau kamu gak visit lawangsewu ini tiket masuk juga sangat murah cuma sepuluh ribu rupiah kamu sudah bisa menikmati keagungan dan keindahan bagunan dan ornamennya yg sangat tak terlupakan. disarankan saat datang mengunjungi gedung ini menggunakan pakaian jaman dahulu agar hasil jepretan saat berselfie menjadi lebih sempurna serasa hidup di zaman dahulu.,"['arsitektur bergaya kolonial', 'gedungnya keren dengan', 'gedungnya keren', 'bergaya kolonial', 'bangunan', 'yang', 'ini', 'sangat', 'bangunan tua', 'dengan', 'arsitektur bergaya', 'dan', 'keren dengan', 'keren dengan arsitektur', 'dengan arsitektur bergaya', 'khas bangunan', 'tua', 'gedungnya', 'kolonial', 'menjadi']",Kota Semarang memiliki tempat wisata yang mempesona yaitu Lawang Sewu. Lawang sewu tidak memiliki parkiran sehingga sulit mencari parkir di sekitar tempat ini.
32,harganya terjangkau pelayanya ramah. pizanya pun ga bikin eneg. steak dan sosisnya enak sekali. tempatnya enak luas dan nyaman. dagingnya lembut banget asli enak bgt rasa dagingnya. rekomendasi sih bibimbef buat yg pengen makan daging sayur sma nasi. tempat ini terkenal dengan menu makanan yang porsinya besar namun harganya terjangkau. karena harganya lumayan banget bok tpi worth to eat. selain itu minumannya pun ada yang bisa untuk beramai ramai. pelayanan cukup cepat meskipun suasana cukup ramai.,"['terjangkau pelayanya ramah', 'pelayanya ramah', 'ramah', 'terjangkau pelayanya', 'enak', 'harganya', 'pelayanya', 'harganya terjangkau pelayanya', 'terjangkau', 'ramai', 'dan', 'bikin eneg', 'pun', 'dagingnya', 'banget', 'yang', 'cukup', 'harganya terjangkau', 'pizanya', 'eneg']",Salah satu steak enak dan variatif. Daging steak kebanyakan lembut dan enak seperti tenderloin steak. Menu makanan dan minuman disini termasuk porsi besar dengan harga terjangkau. Tempatnya luas dan nyaman. Hanya saja tempat parkir terbatas.
33,kamar besar dengan bed super nyaman. menu breakfast di narendra rest sangat lengkap dan bervariasi. dan pilihan kami tepat hotel sunan solo terletak di pusat kota namun tetap tenang. hotel lama tapi terawat dengan cukup baik. pelayan yang ramah menimbulkan suasana yang tenang. tempat resto yang nyaman masakan yang enak pas di lidah menambah gairah sarapan pagi. the sunan hotel merupakan pilihan tepat tempat hunian hotel di solo. tempat strategis di jantung kota solo memudahkan pengunjung menikmati tempat tempat kunjungan di kota solo. tata letak sajian makanan menambah ketertarikan dan selera makan. sajian masakan tradisional yang sempurna menambah cita rasa menikmati hidangan. hotel bintang ini memiliki unsur budaya jawa modern dari loby hingga interior kamar yang klasik. hotel dengan loby yang besar. kali ini pilihan jatuh ke sunan hotel solo karena mencari hotel dengan kamar yang nyaman. kami puas sekali selama stay di hotel sunan next time kami ke solo pasti stay di hotel ini. ternyata kami sekeluarga tidak salah memilih hotel krn pelayanan nya sangat ramah petugas di front desk sangat cepat saat kami check in. makanan disini juga sangat enak. kami tiba sudah malam tapi tetap disambut dan dilayani dengan sangat baik.,"['bed super nyaman', 'hotel', 'dengan bed super', 'bed super', 'yang', 'solo', 'kami', 'tempat', 'dengan', 'sangat', 'sunan', 'dan', 'super nyaman', 'nyaman', 'kota', 'dengan bed', 'pilihan', 'kamar', 'menambah', 'ini']",Fasilitas hotel bagus dan lengkap. Terdapat kolam renang yang bersih dan luas untuk anak-anak dan dewasa. Desain hotel klasik dengan nuansa jawa. Pengunjung betah di kamar karena nyaman dan luas. Guling tersedia di setiap kamar. Kenyamanan bertambah dengan adanya bathub di kamar mandi. Makanan enak dan variatif.
34,silahkan sesuai pilihan anda. lampu yang warna warni itu akan terlihat indah ketika malam hari dan selalu di setel musik yang mengiringi indahnya gedung sate gak pernah bosen kalau kesini. yang dl pernah ke bandung dan mampir liat gedung sate pada siang hari coba deh sekarang mampir nya waktu malam pasti kalian akan kagum dengan perubahan yang terjadi dengan gedung sate. suasana saat siang hari sangat indah karena kita bisa melihat taman dengan bunga bunga yang indah. karena letaknya di pusat kota jadi gak sulit kok buat menemukan si gedung sate ini. sebenarnya gedung sate ini adalah kantor gubernur jawa barat.,"['silahkan sesuai pilihan', 'sesuai pilihan anda', 'silahkan sesuai', 'pilihan anda', 'gedung sate', 'sesuai pilihan', 'sate', 'gedung', 'yang', 'gedung sate ini', 'hari', 'sate ini', 'silahkan', 'anda', 'siang hari', 'indah', 'dengan', 'indahnya gedung sate', 'bosen kalau kesini', 'sesuai']",Gedung sate dihiasi oleh warna-warni lampu yang terlihat di malam hari. Terdapat musik yang indah mengiringi gedung ini. Fasilitas lain terdapat air mancur yang dihiasi cahaya di malam hari. Pada siang hari juga indah karena terdapat bunga-bunga di taman.
35,jika anda ingin menikmati suasanan ala cafe jangan khawatir segala macam resto dan cafe lengkap tersedia. jadi bagi keluarga ataupun pasangan bisa menikmati kota tua di hari libur yang mungkin bosen ke mal terus tiap hari libur. sembari berkeliling keliling ria jangan lupa untuk sejenak singgah ke museum yang juga ada disana. disini akan akan disuguhkan susana masa lalu dari arsitektur bangunan yang begitu klasik dan menarik. buat makanan banyak cafe ato kaki lima. anda bisa mendapatkan tambahan pengetahuan sejarah jakarta di masa lalu. di kota tua kita bisa kembali ke zaman zaman indonesia dijajah oleh bangsa belanda dilihat dari bangunan bangunan buatan belanda yg berdiri tegak. ingin menikamati suasana batavia atau jakarta tempo dulu datang saja ke kota tua jakarta.,"['khawatir segala macam', 'segala macam resto', 'menikmati suasanan ala', 'cafe lengkap tersedia', 'jangan khawatir segala', 'macam resto dan', 'lengkap tersedia', 'suasanan ala cafe', 'suasanan ala', 'khawatir segala', 'segala macam', 'macam resto', 'ingin menikmati suasanan', 'menikmati suasanan', 'jika anda', 'hari libur', 'ala cafe jangan', 'cafe jangan khawatir', 'jangan khawatir', 'jika anda ingin']","Desain bangunan Kota Tua unik dan kuno seperti di zaman Belanda. Pengunjung dapat menyewa sepeda untuk berkeliling tempat ini. Tempat yang dapat dikunjungi yaitu museum. Tedapat pedagang yang menjual makanan, pakaian, dan souvenir dengan harga yang terjangkau dengan cara menawar."
36,taman pintar ini cukup lengkap dan di desain cukup atraktif. kebetulan kemarin kami ke gedung oval dan ini luar biasa bagus dibandingkan dengan iptek tmi. tempat ini sangat cocok sekali bagi keluarga yang berlibur bersama dengan anak anak. sayangnya lahan parkir tempat ini terbatas. jadi bagi yang menginap di kota yogyakarta sebaiknya gunakan kendaraan umum atau taksi untuk mendatangi lokasi ini. tempat ini strategis karena lokasi dekat dengan malioboro dan mudah dicari. jadi kombinasi belajar dan bermain dalam satu lokasi. wahana ini sebenarnya lebih dikhususkan kepada anak anak yang sedang dalam masa pertumbuhan dan berdaya kreatif tinggi. disini anak dan orang tua bisa mendapat banyak pengetahuan dan belajar sambil bermain. di tempat ini kita akan diajak untuk belajar sambil bermain. peserta akan diajak untuk menggali rasa keingintahuan kreatifitas dan keberanian unuk menjalankan alat alat yang kebanyakan ialah alat simualsi mekanik yang sangat relevan dengan perkembangan iptek saat ini.,"['desain cukup atraktif', 'pintar ini cukup', 'ini cukup lengkap', 'taman pintar ini', 'cukup lengkap dan', 'cukup atraktif', 'cukup lengkap', 'desain cukup', 'taman pintar', 'ini', 'dan', 'tempat ini', 'cukup', 'anak', 'tempat', 'ini cukup', 'yang', 'dengan', 'pintar ini', 'lengkap dan']",Taman ini memberikan pengalaman yang menyenangkan untuk belajar dan bermain. Anak-anak dapat mencoba alat-alat simulasi iptek. Kegiatan lainnya yaitu menggambar dan melukis. Tiketnya masih termasuk murah. Kekurangannya hanya parkiran yang sempit dan tidak ada lift.
37,pelayanannya sangat ramah. saya pesan tempura. nasi goreng nya jg enak. rasa sushi nya enak sekali dan menu nya ga terlalu pedas. pelayannya ramah banget karna kita holiday jadi dia nanya kemana aja dl makanan nya enak enak mulai dari asian fod indonesia fod. makanannya enak sushi set nya jg segar view di sini bagus banget bisa ngeliat pantai. erni kakak staf nya sangat ramah sangat membantu saya untuk pemilihan menu minuman non alkhohol dan memberi wawasan saya tentang wasabi untuk sushi. pokoknya beach club terbaik deh tempat asik untuk berlibur. seneng banget disini dari mulai masuk petugasnya welcome banget kekita dan protokol kesehatannya sangat dijaga dipandemi ini.,"['nya', 'enak', 'pelayanannya sangat ramah', 'pelayanannya sangat', 'sangat', 'banget', 'pelayanannya', 'ramah', 'saya', 'sushi', 'dan', 'untuk', 'nya enak', 'sangat ramah', 'pesan tempura', 'menu', 'fod', 'mulai', 'dari', 'saya pesan tempura']","Ketika pengunjung masuk, staf memberikan sambutan yang ramah. Staf juga informatif dalam menjelaskan menu. Menu terdiri dari makanan nasional dan makanan asia. Menu andalan yaitu sushi yang sangat enak. Selain itu, menu nasi goreng dan salad direkomendasikan. Pengunjung dapat menikmati makanan sambil melihat pemandangan pantai yang indah."
38,menginap harusnya malam jadi malam karna sangat tidak nyaman. tolong utk parkiran lebih komunikatif ke pihak tamu. saya setiap ke bandung selalu nginep di hotel ini karna dari kantor dekat dan ke mana mana enak pusat kota. hari stay di bandung serela riau ini hotel nya dekat dengan resto kuliner bandung factory outlet buat belanja pokoknya ga jauh kemana mana karena pusat kota. tks saat berwisata ke bandung bingung cari tempat penginapan dimana akhirnya dapatlah hotel ini tempatnya nyaman pelayanan ramah serta cepat dalam penanganannya membuat kami sekeluarga puas sangat menikmati liburan kali ini. semoga pelayanan terhadap tamu tetap terus dipertahankan lebih ditingkatkan lg sehingga mereka semua berpikiran yg sama seperti kami jika ke bandung lg pasti akan kembali menginap di hotel serela riau ini. di sini jga tersedia balrom buat acara ultah dl kamar bersih wangih dan terawat banget staf staf nya jga ramah ramah menu sarapan nya pun beragam dan bisa milih. dulu staf sangat ramah ada mba bila dan nisa yang selalu welcome sekarang tidak ada citra karyawan hotel. ada bubur ayam dan sate juga. breakfast nya ada brp variasi walau ga banyak. pas masuk kamar wangi dan bersih.,"['malam jadi malam', 'harusnya malam jadi', 'jadi malam karna', 'menginap harusnya malam', 'harusnya malam', 'malam jadi', 'jadi malam', 'malam karna sangat', 'malam', 'malam karna', 'hotel', 'bandung', 'ini', 'dan', 'pusat kota', 'menginap harusnya', 'nya', 'ramah', 'ada', 'mana']",Hotel dengan lokasi strategis untuk berbelanja. Tetapi beberapa kebersihan tidak terjaga seperti toilet dan asap rokok. Staf ramah dan cepat. Variasi makanan standar. 
39,makanannya enak harga cukup mahal ya namanya juga standar hotel porsinya besar. the best pokonya restorannya tempatnya nyaman dan menerapkan protokol kesehatan dg baik. pilihan makanan nya lengkap dan enak semua dr omelete sosis nasi uduk lontong sayur dimsum juice sampe desert nya enak semua. b fast nya the best sangat cocok sama rasa makanan nya termasuk salah satu yg b fast terbaik untuk rasa makanan banyak variasi makanan nya lengkap sekali. kami dilayani oleh waiter yang ramah bernama ramdhan. penerima tamu di wkt jam breakfastnya jga ramah. kami makan siang sambil menunggu check in. saking ramah nya mba penerima tamu ini tba ke arah cofe bar dan dia request ke baristanya untuk buatin hot chocolate ada gambar karakter tedy bear di hot chocolatenya untuk anak saya. semoga bisa ditingkatkan lg rasa makanan nya bsa lbh enak ya saya nginap kamar dan breakfast di hilton hotel sudah x dan sejauh ini kesan saya untuk hidangan menu makanan memang biasa saja untuk harga charge breakfast yang tergolong mahal. dan thank you buat mba vina yang udah sigap banget bantuin kita pesen omelete dan anterin sampe ke meja jadi kita gak perlu repot nunguin omelete nya. dan mba ini lg ada di tempat dia menyambut tamu lalu mba ini langsung request ke temenya untuk membuatkan anak saya balon karakter dan dia membuatkan balon karakter untuk anak saya. nginep disini udh yg ke kali nya klo ga salah. thanks to mas hendi lesmana barista yang bikinin saya dan keluarga saya kopinya. kebetulan saya udh beberapa kali ketemu dan dilayani sama mba yg satu ini. tidak wow namun masih oke. sayangnya untuk menu breakfast nya ga ada variasi lain setiap saya kesitu selalu menu yg sama dan kebetulan rasanya jga kurang untuk hotel sekelas hilton.,"['namanya juga standar', 'hotel porsinya besar', 'dan', 'nya', 'juga standar hotel', 'standar hotel porsinya', 'porsinya besar', 'untuk', 'saya', 'makanan', 'namanya juga', 'juga standar', 'makanan nya', 'rasa makanan', 'makanannya enak harga', 'enak', 'makanannya enak', 'enak harga cukup', 'ini', 'mba']",Tidak semua pengunjung menikmati menu makanan disini. Menu makanan juga tidak variatif. Harga lumayan mahal. Satu-satunya yang paling memuaskan yaitu pelayanannya.
40,saya rekomendasikan rasa capucino buat cofe lover. diundang pesta ultah teman sangat meriah dan makanan enak. interior resto yang simple khas jepang dibuat sedikit meriah dengan dekor table yang elegan. restoran ini untuk ekonomi kelas atas kalo melihat harga yang ditawarkan. resto dikawasan hotel jw mariot ini menawarkan menu makanan jepang. bahan kualitas tinggi merupakan kunci dari makanan jepang dilengkapi dengan teknik memasak para koki menjadikan tempat ini tujuan utama keluarga saya untuk kuliner jepang.,"['buat cofe lover', 'rekomendasikan rasa capucino', 'rasa capucino buat', 'capucino buat cofe', 'cofe lover', 'saya rekomendasikan rasa', 'rekomendasikan rasa', 'rasa capucino', 'capucino buat', 'buat cofe', 'saya rekomendasikan', 'jepang', 'lover', 'makanan', 'diundang pesta ultah', 'yang', 'ini', 'rekomendasikan', 'rasa', 'capucino']","Resto dengan makanan jepang yang enak dan segar. Makanan tersertifikasi halal. Menu makanan lengkap dengan adanya dessert. Namun, harga cukup mahal. Tidak hanya dari segi makanan, interior didesain dengan nuansa jepang. Staf selalu memperhatikan protokol kesehatan. "
41,receptionist ramah dan cepat dalam memberikan pelayanan. pesan non smoking rom tapi ada asbak di kamar. breakfast kurang ok variasi menu kurang maupun tastenya. di kamar yang penulis inapi juga memiliki bathrom yang standar. kamar luas ukuran tempat tidur yang besar dan nyaman. sewaktu makan juga bisa memandang kolam renang. ac kamar yang rusak ketika kamar mau digunakan. selain itu jalan sedikit menyeberang ada mcdonalds. sedikit kekurangan agak tercium bau rokok. kamar juga sesuai standar. variasi makanan saat sarapan juga cukup banyak. hotel ini cocok untuk menginap atau berlibur dengan keluarga semua fasilitas lengkap dan terawat dengan baik. desain hotel seperti vila dengan banyak lahan hijau berupa pepohonan sehingga memberi kesan sejuk dan enak dipandang. lokasi hotel ini strategis dekat dengan ptc mal palembang yang sangat lengkap untuk belanja. lokasi juga sangat strategis karena terletak dekat palembang trade center dan lote mart jalan kaki sekitar menit letaknya sejajar dengan hotel. hotel ini cukup luas dan terletak di tengah kota. saya menginap malam di novotel palembang hotel residence banyak pengalaman yang saya peroleh.,"['dalam memberikan pelayanan', 'cepat dalam memberikan', 'receptionist ramah', 'memberikan pelayanan', 'receptionist ramah dan', 'cepat dalam', 'dalam memberikan', 'ramah dan cepat', 'dan cepat dalam', 'kamar', 'yang', 'hotel', 'dan', 'juga', 'dengan', 'receptionist', 'pelayanan', 'ini', 'banyak', 'palembang']","Novotel Hotel berlokasi di Kota Palembang dengan penempatan hotel yang strategis (dekt dengan PTC Mall Palembang serta tempat perbelanjaan). Pegawai hotel yang ramah serta cepat. Di area hotel tersedia taman serta area untuk olahraga pagi. Selain itu, fasilitas lain yang disediakan oleh pihak hotel adalah tempat fitness center dengan peralatan yang lengkap, sauna dan kolam air panas, dan juga kolam renang. Keadaan kamar hotel bersih. Akan tetapi, variasi makanan yang masih kurang."
42,arsitektur klenteng yang unik serta megah cocok dijadikan spot foto yang apik. bangunannya mewah dan megah selain itu tiket masuknya pun sangat murah. kantin atau kafe kafe sepertinya banyak yang buka klo siang hari. pas kesana juga disediakan makanan ringan minum gratis. klo datang siang hari sepertinya lebih asyik. cocok untuk berfoto foto denagn dominan warna merah dan juga bisa digunakan tempat beribadah bagi yg beragama kong huchu. di dalam disediakan persewaan baju khas kebesaran china jaman dulu dengan biaya sewa antara delapan puluh ribu sampai seratus ribu.,"['arsitektur klenteng yang', 'unik serta megah', 'arsitektur klenteng', 'klenteng yang unik', 'yang unik serta', 'cocok dijadikan spot', 'dijadikan spot foto', 'unik serta', 'dijadikan spot', 'yang apik', 'foto yang apik', 'serta megah', 'serta megah cocok', 'megah cocok dijadikan', 'klenteng yang', 'yang unik', 'arsitektur', 'apik', 'yang', 'spot foto yang']",Wisata ini merupakan salah satu klenteng cheng ho di Indonesia. Bangunannya bagus dengan gaya arsitektur Cina. Tiket masuknya terjangkau. Pengunjung dapat menyewa baju khas Cina untuk mengabadikan momen di tempat ini. Aktivitas lain dengan menikmati indahnya bangunan di bangku taman yang teduh. Tersedia mushola dan toilet yang bersih. Tempat parkir mobil luas. Ketika malam hari lampu redup sehingga tidak bisa menikmati tempat ini.
43,harga makanannya menurutku mahal untuk kota solo. lebih enak pertama kali mencoba nasi liwet dan temen merekomendasikan makan di wongso lemu. buat yang ingin mencoba makan nasi liwet hidangan khas solo silahkan dicoba. nasi liwet yg sdh sangat terkenal ini mempunyai rasa berbeda dgn nasi liwet ditempat lain yg sdh pernah saya mkn sblmnya. tempatnya ngak terlalu besar lesehan parkir mobil susah krn harus parkir di pinggir jalan yg lumayan sempit dan rame. pada saat saya berkunjung ke kota solo saya mencari referensi kuliner via internet. ke solo beberapa waktu lalu saya dan keluarga menyempatkan mampir mencicipi nasi liwet wongso lemu yg berada di kawasan keprabon. tapi saya memutuskan mampir di warung yg paling pojok. sesampai di lokasi saya kaget karena ada warung dengan nama yang sama nasi liwet bu wongso lemu. disitu berderet deret warung yg semuanya menamakan diri wongso lemu. porsi makanannya sedikit rasa menurut kami terlalu manis untuk lidah orang jawa timur penilaian subyektif kami. saya bingung mana yang asli atau paling tidak mana warung yang pertama kali ada. nasi liwet itu nasi putih gurih dengan sayur labu siam telor rebus suwiran ayam dan kuah areh santan disajikan dengan daun pisang. salah satu yang dipuja puja di banyak artikel adalah nasi liwet wongso lemu. setelah beberapa kali tanya kepada tukang parkir dan browsing browsing situs kami mendatangi salah satu warung. sedangkan rasanya menurutku biasa aja sih. hanya saja harganya yg mahal banget. lebih enak kalau minta cabe karena kalau tanpa cabe rasanya kurang nendang. cuma bungkus porsi kena ribu.,"['nasi liwet', 'nasi', 'liwet', 'wongso lemu', 'saya', 'wongso', 'lemu', 'nasi liwet wongso', 'liwet wongso lemu', 'dan', 'warung', 'yang', 'solo', 'liwet wongso', 'harga makanannya', 'kota solo', 'harga makanannya menurutku', 'kali', 'harga', 'parkir']","Pengunjung bingung dengan lokasi warung nasi liwet bu wongso lemu karena ada 4 warung yang sama. Warung ini merupakan warung legendaris yang pernah didatangi oleh artis dan tokoh politik. Walaupun tempatnya kecil, suasananya nyaman dengan alunan musik jawa. Kekurangan lainnya rasa nasi liwet termasuk standar. Harga mahal dibandingkan warung makan lainnya. Banyak pengamen keluar masuk sehingga pengunjung merasa terganggu."
44,disajikan dalam porsi besar. untuk harga memang terkesan mahal. makan di restaurant ini selain makanan juga mendapat bonus pemandangan kota bandung yang menakjubkan. suasananya juga nyaman. kami benar benar menikmati late lunch di sini. resto the valey ini sangat cocok untuk makan malam romantis sambil liat pemandangan kerlap kerlip lampu kota bandung dari atas. saya pribadi lebih suka berkunjung saat malam hari untuk menikmati pemandangan lampu kota sekaligus menikmati dinginnya kota bandung di malam hari.,"['dalam porsi besar', 'disajikan dalam porsi', 'disajikan dalam', 'porsi besar', 'dalam porsi', 'kota', 'disajikan', 'besar', 'kota bandung', 'bandung', 'malam', 'untuk', 'pemandangan', 'menikmati', 'dalam', 'porsi', 'memang terkesan mahal', 'juga', 'terkesan mahal', 'lampu']","Pengunjung dapat melihat pemandangan kota bandung yang indah. Suasana nyaman. Tempatnya lumayan besar. Menu andalan yaitu steak.  Dagingnya empuk dan porsi besar. Selain rasanya yang enak, menu steak bermacam-macam. Namun, harganya cukup mahal."
45,variasi tumbuhan yg banyak. serasa seperti didalam hutan hujan tropis banyak pohon besar yg rindang. udaranya segar dan sejuk karena pepohonan di kebun raya tinggi tinggi dan rindang. masih benar benar hutan kota yg amat lebat. didalam kebun raya bogor ini terdapat restoran dgn menu yg variatif. kebun raya saat itu blm selengkap fasilitas saat ini. dengan cuaca adem pagi hari yang tenang dan udara yang masih segar. sepanjang jalan terdapat org yg berjualan es krim atau minuman ringan dan snack. sya bangga sebagai warga bogor yg memiliki kebun hutan di tengah kota. jika ingin wisata sambil belajar bisa juga masuk ke museum zoologi karena tiket masuk kebun raya sudah include tiket masuk ke museum. ditambah lagi bisa melihat istana presiden juga berkunjung ke bogor rasanya belum lengkap jika teman teman belum berkunjung ke bogor botanical garden kebun raya bogor. jalan jalan ke kebun raya bogor murah dan meriah sepuasnya berkeliling tau bersantai bersama keluarga. bagi yg tidak ingin berjalan kaki mengitari kebun tersedia semacam mobil atau bus dgn tarif yg tidak terlalu mahal. kebun raya bogor lokasi paling pas buat jalan jalan keluarga piknik bareng atau mengadakan acara komunitas kantor sekolah.,"['kebun raya', 'variasi tumbuhan', 'raya', 'kebun', 'kebun raya bogor', 'raya bogor', 'bogor', 'jalan', 'dan', 'banyak', 'hujan tropis banyak', 'tropis banyak pohon', 'banyak pohon besar', 'hutan', 'tumbuhan yg banyak', 'rindang', 'masuk', 'variasi', 'tropis banyak', 'banyak pohon']",Kebun Raya Bogor cocok dikunjungi ketika pagi dan sore hari karena cuaca dingin dan segar. Berjalan-jalan disini menyenangkan karena asri dan harga terjangkau. Berhati-hati jika hujan deras karena beberapa pohon sudah sangat tua.
46,di pulau untung jawa sarana rekreasi pantai dengan hamparan pasir yang bersih dan permainan banana boat menjadikan putera puteri anda tidak ingin segera kembali ke rumah. hal yang bisa anda lakukan di pulau pulau tersebut adalah menikmati keindahan laut yang membiru dan membentang luas pasir putih anekan water sport dan pesona matahari tenggelam. bagi wisatawan domestik yang memiliki kantong pas pasan seperti saya dan menginginkan liburan bersama keluarga mengasyikkan maka pulau untung jawa di gugusan kepulauan seribu dapat menjadi pilihan. terutama bagi penggemar wisata bahari yang enggan pergi terlalu jauh dari jakarta.,"['sarana rekreasi pantai', 'rekreasi pantai dengan', 'pantai dengan hamparan', 'permainan banana boat', 'banana boat menjadikan', 'boat menjadikan putera', 'menjadikan putera puteri', 'tidak ingin segera', 'ingin segera kembali', 'dengan hamparan pasir', 'putera puteri anda', 'puteri anda tidak', 'anda tidak ingin', 'jawa sarana rekreasi', 'bersih dan permainan', 'dan permainan banana', 'untung jawa sarana', 'pulau untung jawa', 'kembali ke rumah', 'sarana rekreasi']","Wisata ini memiliki beberapa pulau yang dapat dikunjungi salah satunya pulau tidung, pulang bidadari, pulau harapan, pulau pari, dan pulau untung. Pulau tidung merupakan salah satu pulau favorit. Pulau dengan harga terjangkau yaitu pulau untung. Setiap pulau memiliki keindahannya masing-masing. Aktivitas yang dapat dilakukan bermain banana boat, snorkling, dan diving. Jika ingin menginap, pengunjung harus memesan terlebih dahulu karena biasanya penuh. Penginapannya juga ada yang kurang memuaskan."
47,dan malam hari taman di sekitar monas juga memberikan tempat menarik untuk nongkrong dan bersantai. pelatatan monas dan sekitarnya juga nampak sangat terawat dipadu dengan fasilitas umum yang memadai. pelayanan petugas yang melayani pengunjung juga ramah serta informatif. kita juga dapat membeli souvenir yang disediakan sebagai kenang kenangan. di monas juga ada air mancur menari tapi adanya malam hari jadi sampai sekarang aku belum pernah melihatnya karena setiap kali aku ke monas pasti ngak sampai malam. kebetulan kantor saya di depan persis monas tempat yang convinience untuk lari pagi sebelum jam kerja mulai di monas juga terdapat banyak taman hijau yang rindang dan sejuk. tapi overal puas banget karena air mancurnya lama juga nari nya. anginnya bisa kencang sekali buat anak anak. saya tetep tidak berhasil naik ke puncak monas krn antrian yg luar biasa dan saya ga sanggup berdiri lama. monumen saksi bisu sejarah jakarta dan indonesia ini sekarang semakin cantik dan terawat dengan baik. karena monas adalah iconya jakarta. siapapun warganegara indonesia pasti kenal monumen nasional atau monas.,"['nongkrong dan bersantai', 'memberikan tempat menarik', 'menarik untuk nongkrong', 'monas', 'juga', 'dan', 'juga memberikan tempat', 'yang', 'sekitar monas juga', 'monas juga memberikan', 'tempat menarik untuk', 'monas juga', 'juga memberikan', 'malam hari', 'untuk nongkrong dan', 'dan bersantai', 'memberikan tempat', 'tempat menarik', 'menarik untuk', 'untuk nongkrong']",Monas memiliki air mancur yang menari-nari setiap malam hari yang dapat dinikmati secara gratis. Air mancur tidak kalah dengan air mancur yang ada di Singapura.  Anak-anak menikmati air mancur tersebut dengan diiringi lagu daerah yang diaransemen secara keren.
48,you have to try this stomach catching place and also eyecatching view oh iya sewaktu disini dilayanin secara ramah banget sama pelayan yang namanya kalo ga salah mbak ai nur dia ngelayaninya ga bosen buat nanya makanannya tuh kaya apa dan rasanya gimana. ambiencenya perfect dekorasinya bagus adem banget karena dikelilingin pohon dan lokasi yang cukup berada di ketinggian kota bandung. sementara anak sya pesen king prawn aglio oglio udangnya besar and enak. baik banget ka nya sabar menjelaskan dlm menjawab pertanyaan kami yg banyak krn kebingungan pilih makan yg mana. utk minuman kami pesan pino granita dan ice chocolate granitanya seger and ice chocolate nya jg enak. pertama kali nya ke miss be karna direkomendasin dr tempat penginapan ku. semua makanannya enak enak sya pesan chicken gril with barbeque sauce sauce nya enak bgt. pelayan nya jg ramah. waitresnya juga super ramah. kopinya tetep kerasa dan enak.,"['stomach catching place', 'iya sewaktu disini', 'sewaktu disini dilayanin', 'disini dilayanin secara', 'nur dia ngelayaninya', 'bosen buat nanya', 'tuh kaya apa', 'yang namanya kalo', 'dan rasanya gimana', 'kaya apa dan', 'apa dan rasanya', 'buat nanya makanannya', 'nanya makanannya tuh', 'makanannya tuh kaya', 'rasanya gimana', 'dilayanin secara ramah', 'stomach catching', 'catching place', 'eyecatching view', 'view oh iya']",Restoran memberikan suasana yang nyaman. Apalagi pemandangan sekitar dikelilingi pohon yang terlihat adem. Semua makanan enak. Minuman juga tidak kalah enak. Hal yang memberikan nilai tambah yaitu pelayanan ramah dan sabar.
49,ad wahana bumper car farm kart biliard untuk org dewasa jg ada. di restoran ny ad juga playground untuk ank dgn berbayar rb per anak sudah dpt kaos kaki dan snack. dijamin tidak mengecewakan karena sambil makan malam kita di temani live music dan atraksi akrobat binatang yg dapat kita lihat melalui sekat dinding kaca yg super lebar. dan berbagai permainan mulai dari swiming pol yg ada splash station nya. inep di bungalow nya trus makan di savana resto sembari liat hewan atau makan di sky garden resto di roftop. cocok sekali buat anak jd mereka ga bosen menginap bs sambil main dan bljr mengenal hewan. pelayanannya juga sangat oke. terimakasih karena membuat liburan kami lebih berkesan. konsep restonya keren dan nyaman. hidangannya beragam dan enak. so far ini hotel yg kids friendly banget. staf nya pun sangat ramah dan baik dalam pelayanan.,"['wahana bumper car', 'bumper car farm', 'car farm kart', 'farm kart biliard', 'biliard untuk org', 'untuk org dewasa', 'kart biliard untuk', 'wahana bumper', 'bumper car', 'car farm', 'farm kart', 'kart biliard', 'org dewasa', 'biliard untuk', 'untuk org', 'dan', 'playground untuk ank', 'untuk ank dgn', 'juga playground untuk', 'untuk']","Hotel unik dengan tema kebun binatang. Tidak hanya nama kamarnya menggunakan nama binatang, tetapi banyak fasilitas agar anak-anak mengenal binatang. Permainan di hotel ini menarik ada bombomcar dan perahu air. Makanan sangat enak dan bervariasi. Live music memberikan kenyamanan saat di restoran. Pelayanan sangat sempurna."
50,rasa makanannya lumayan a nice one. ambience nya oke friendly juga. selain bubur ak pesen nasi timbel juga. taste sayur asem nya yg kurang tajem. cocok banget buat family karena kebanyakan meja dan porsi bisa buat family. proses penyajian makanan baik sehingga kami tidak perlu menunggu lama padahal banyak tamu restaurant yang dilayani. tetapi sayangnya tempat parkir kurang memadai sehingga kami agak kesulitan mencari parkir dan berjalan cukup jauh.,"['rasa makanannya lumayan', 'rasa makanannya', 'makanannya lumayan', 'lumayan a nice', 'rasa', 'juga', 'makanannya', 'lumayan', 'nice', 'nya', 'buat', 'family', 'sehingga', 'kami', 'kurang', 'dan', 'parkir', 'friendly juga', 'ambience', 'oke friendly juga']",Desain dan suasana tempat makan sangat memuaskan. Beberapa makanan yang enak yaitu ayam panggang dan udang mayonaise. Harganya juga sepadan. Tempat yang cocok untuk berkumpul bersama keluarga atau teman. Penyajian yang sedikit mengecewakan karena tidak urut.
51,resto nya bagus cozy banget. karna design hotel baik dalam dan luar sangat bagus dan cantik. pelayanan semua baik dan sangat ramah. kolam renangnya besar utk anak anak dan dewasa. showernya airnya deras dan bagus sekali. trus hotel ini banyak spot utk foto nya. jarang menemukan kamar hotel yg showernya sebagus di mercure samarinda. pelayanan yang ramah dan baik fasilitas di kamarnya pun lebih baik dari hotel lain. pelayanan housekeping dan karyawanya humble banget salah satunya mas haikal yg serumpun sama upin ipin si baik hati dan funy. pokoknya thank you desi reservasi sdah dibantu pemesanan kamarnya dan dikasih view yg keren bangt. top banget trus masakan nusantaranya jg enak pake banget. diliat dari resto nya kebersihannya super banget. untuk menu makananya chinese fod nya ok banget dr segi rasa dan penyajianya. keramah tamahan dan kesegipan para waiters ok banget. ini pengalaman kedua menginap di hotel ini pertama di ibis lalu kemarin mencoba mercure dan di bantu oleh mba desi pemesanan kmr saya dgn pelayanan yg baik responsive. kebetulan sy emang sering ke resto mercure paling suka ama dimsum nya. smua ramah sekali staf nya ketika lewat selalu menyapa dan membantu saya sampai check out. kemudian ketika check out jg senang sekali di temani ngobrol oleh salah satu staf shely.,"['dan', 'bagus cozy banget', 'nya bagus cozy', 'banget', 'baik', 'nya', 'bagus cozy', 'hotel', 'bagus', 'pelayanan', 'luar sangat bagus', 'cozy banget', 'ini', 'ramah', 'sangat bagus dan', 'resto', 'sangat bagus', 'bagus dan cantik', 'mercure', 'sekali']",Hotel sangat bersih dan nyaman. Pengunjung sangat senang karena fasilitas kamar dan hotel lengkap. Ada dua jenis kolam renang yaitu anak-anak dan dewasa. Pelayanan dari staf hotel sampai resto cepat dan ramah. Suasana di resto juga nyaman. Semua interior cocok untuk dijadikan spot foto. Makanan yang disediakan chinese food yang rasanya sangat enak. 
52,anak anak juga sangat senang menikmati waktu di mulia mulia deli nya jadi favorit saya. makanan di sky garden juga enak enak sampai kita tiga kali nambah dengan menu yang sama. so far saya reguler guest selalu terpukau dengan excelent service dari mulia hotel. kolam renang yang bagus anak saya suka sekali beranang di pol kids serasa milik pribadi berenang di ocean pol yang asik sekali. sarapan top banget untuk sekelas bintang memang sangat layak. landscape mulia resort keren banget saya suka pualam putih dan bunga bougenvile fuschia yang kontras banget di area taman. areanya luar biasa bersih dan alat gym nya modern dan lengkap banget. pantai sangat bersih dengan pemandangan yang tidak kalah bagus. banyak ruang terbuka dan ful view ke arah laut it was so spacious and i love it. selama di mulia saya beberapa kali memesan in rom dining dan rasanya tidak ada yang mengecewakan. sangat senang bisa kembali lagi ke hotel mulia setelah masa pandemi kita sekeluarga berlibur ke bali. kita pilih mulia bali yg memang sudah jadi pilihan kita sejak lama pertama kami sampai di hotel dengan pelayanan check in yg sangat baik dan juga cepat pelayan nya area loby bersih seperti terjaga setiap hari. mulia buat saya dan keluarga adalah pilihan no kalo sedang di bali dari kamar yg memanjakan tubuh staf yg wel trained makanan yg banyak dan enak nga ada obat sampai fasilitas nya yg lengkap.,"['senang menikmati waktu', 'menikmati waktu', 'mulia', 'dan', 'saya', 'yang', 'sangat', 'juga', 'dengan', 'banget', 'nya', 'anak', 'favorit saya', 'kita', 'senang menikmati', 'sangat senang menikmati', 'jadi favorit saya', 'jadi favorit', 'deli nya', 'anak anak juga']","Pelayanan sangat baik secara keseluruhan dari cek in sampai makanan. Lobi bersih. Kamar bersih dan nyaman. Sarapan enak. Paling utama adalah fasilitas yang lengkap. Ada kolam renang dan tempat fitnes. Kolam renang tidak hanya untuk dewasa, tetapi ada untuk anak-anak. Hotel ini dekat juga dengan pantai yang indah."
53,saya sangat senang menginap di adiwana suweta karena pelayanannya yang sangat ramah kamar yang bersih dan juga tata ruang yang baik. di hotel ini juga sedikit tangga untuk saya yang sudah tua ini sangat senang jika akses ke kamar itu mudah. kamarnya luas dan detailnya sangat unik terdapat juga lukisan dinding yang sangat menarik bertemakan kehidupan penduduk bali jaman dulu. makanan yang disajikan juga sangat enak disini kami mencoba ramen dan gyoza yaitu makanan khas jepang. di loby kami disambut para karyawan yang sangat ramah dan hangat seperti ciri khas masyarakat di ubud pada umumnya. kolam renangnya sangat besar dan memiliki pemandangan pohon hijau yang rimbun. dimana pada awal kedatangan disambut dengan staf nya yang sangat ramah dan hangat sesuai standar protokol kesehatan kemudian disuguhkan welcome drink terbuat dari perpaduan bahan bahan herbal yang menyehatkan. suara gesekan kursi dr kamar terdengar jelas apalagi seperti di buat mainan di gesek bolak balik. kalau bisa ada anti selip di bath tube. sangat mengangu saat mau istirahat. makanan nya perlu di tingkatkan jangan set menu. pintu harus dihentak baru tertutup sempurna. mungkin ada beberapa catatan kamar saya. terutama di resto pol dgn ibu sandya ayu. kamar mandi bagus bersih bath tube nya enak. kamar bersih terang ac dingin dibersihkan setiap hari. experience yang menarik kamar nyaman membuat pengen tidur terus. ranjang bantal suasana kamar nyaman menghadap timur dapat matahari pagi. makanan nya set menu dengan variasi terbatas kualitas nya lumayan.,"['adiwana suweta karena', 'suweta karena pelayanannya', 'juga tata ruang', 'ruang yang baik', 'karena pelayanannya yang', 'tata ruang yang', 'sangat senang menginap', 'sangat', 'yang', 'menginap di adiwana', 'adiwana suweta', 'suweta karena', 'karena pelayanannya', 'tata ruang', 'yang sangat ramah', 'dan juga tata', 'yang sangat', 'saya sangat senang', 'sangat senang', 'kamar']","Hotel Adiwana Suweta merupakan salah satu hotel sangat memperhatikan standar protokol kesehatan selama pandemic. Fasilitas hotel yang lengkap, akan tetapi beberapa fasilitas tersebut perlu untuk di upgrade maupun diperbaiki. Fasilitas di dalam kamar hotel lengkap. Lingkungan hotel yang bersih memberikan kenyamanan pada pengunjung. Pelayanan dari staff hotel jga ramah, sopan, dan hangat. Selain itu, fasilitas hotel juga memperhatikan keamanan dan kenyamanan untuk lansia maupun anak kecil Area hotel yang dilengkapi dengan tanaman hijau serta persawahan menambah daya Tarik pengunjung."
54,menurut saya ini hotel yg paling strategis untuk kunjungan kerja seperti saya. saya member acor diberikan cuma late check out sampai jam siang. yg hoby cfdan pas hari minggu pas banget deh ini hotelnya o iya klo mau dpt scenery view kek gw gini pilih yg deluxe city view request kamar di lantai atas. walaupun untuk kamar mandinya hitungannya minimalis dan agak terlalu remang untuk ukuran keluarga yg membawa anak kecil. kamar colourful dan minimalis tetapi sangat nyaman dengan view yang bagus.,"['kunjungan kerja seperti', 'kerja seperti saya', 'strategis untuk kunjungan', 'untuk kunjungan kerja', 'paling strategis untuk', 'menurut saya ini', 'hotel yg paling', 'paling strategis', 'kunjungan kerja', 'kerja seperti', 'saya ini hotel', 'menurut saya', 'seperti saya', 'ini hotel', 'strategis untuk', 'untuk kunjungan', 'saya', 'menurut', 'sampai jam siang', 'saya member acor']","Hotel berada di pusat kota, dekat untuk ke stasiun dan tempat makan. Deluxe city, kamar di lantai atas, menyajikan pemandangan yang indah. Kamar minimalis dengan interior yang menarik. Fasilitas kamar lengkap. Makanan dan minuman enak dengan harga terjangkau. Pelayanan secara keseluruhan ramah dan memuaskan."
55,hanya yg bikin menarik nuansa dekorasi tmpt makan dan dres code para waiters. bagiku cukup sekali ke tmpt ini krn yg kali kedua bersama keluarga jd ya ayuk aja. tapi jangan kuatir bagi keluarga yg membawa anak tidak ada nuansa yg aneh disini. suasana cukup romantis bagi yg ingin diner berduaan karena lampu penerangan agak remang. sampai jam malam pun masih ada yg antri. pertama antri tempatnya kedua makannya dr pesan ntuk makanan keluar jg nungu lg. aku sudah dua kali ke tmpt ini yg pertama sendirian dan yg kali kedua bersama keluarga. rasa menu makanan minuman disini menurutku biasa aja. tempat makan sedikit agak crowded karena keterbatasan tempat. rasanya ya lumayan walaupun tidak terlalu spesial. ketika kami makan di sana beberapa makanan sudah habis. konsepnya sederhana tapi sangat unik.,"['code para waiters', 'dres code para', 'bikin menarik nuansa', 'menarik nuansa dekorasi', 'dan dres code', 'nuansa dekorasi tmpt', 'hanya yg bikin', 'para waiters', 'bikin menarik', 'dres code', 'code para', 'dekorasi tmpt makan', 'dekorasi tmpt', 'kedua bersama keluarga', 'kali kedua bersama', 'tmpt ini', 'menarik nuansa', 'nuansa dekorasi', 'makan dan dres', 'tmpt']",Pengunjung wajib mengantri untuk memesan makanan disini. Suasana unik karena ada bau dupa. Pelayan menggunakan pakaian khas jawa. Fasilitas tidak jauh dengan budaya jawa seperti kereta kencana dan bunga-bunga. Makanan bervariasi namun rasanya biasa. Harga makanannya juga wajar.
56,saya dan pasangan puas dengan fasilitas kamar mandi beserta toilet nya. begitu masuk ke kamar nya pertama kali ternyata ac kamar sudah dinyalakan ketika kita masuk kamar. seminggu yang lalu kami check in dan kami memberikan masukan memgenai kebersihan kamar linen towel. kamar bersih hanya saja di kamar mandi ada beberapa anak kecoak. shower dgn air dingin dan panas berfungsi dgn sangat baik. jd suasana kamar sudah terasa dingin. posisi tisue yg berdekatan dengan toilet saya beberapa kali menemukan hotel dgn posisi tisue jauh dari toilet. banyak wisatawan asing yang menginap hotel ini hanya cocok jika dijadikan tempat untuk tidur saja. cita rasa makanan di restonya juga lumayan enak dengan harga yg terjangkau. jika mencari wisata kuliner hotel ini kurang cocok karena makanan kaki lima warung juga sangat sulit ditemukan mini market hanya ada. beberapa menu yang ditawarkan dari resto hotel sangat recomended untuk dicoba. rekomendasi buat pelaku bisnis di area glodok hayam wuruk lokasi hotel ini dekat dari pusat bisnis dan perbelanjaan dan akses kemana mana sangat mudah di jangkau. lantai nya antara kayu atau dilapisi walpaper memasuki area hotel sangat kental konsep yang diusung oleh hotel ini yakni fun fresh friendly. saya mencoba menu ayam kuah combrang dengan cita rasa yang lembut dan berbumbu. untuk kamar mandi. pelayanan staf nya ramah dan sopan. ranjang yg empuk sekali. menginap untuk malam. kamar luas.,"['kamar', 'puas dengan fasilitas', 'pasangan puas dengan', 'dan pasangan puas', 'pasangan puas', 'hotel', 'dan', 'fasilitas kamar mandi', 'kamar mandi beserta', 'kamar mandi', 'mandi beserta toilet', 'hotel ini', 'sangat', 'yang', 'mandi beserta', 'ini', 'dengan fasilitas kamar', 'fasilitas kamar', 'nya', 'dengan']",Hotel memiliki desain yang modern dan minimalis. Kamarnya sangat luas. Fasilitas kamar juga nyaman dan berfungsi dengan baik. Tempat fitness menyenangkan karena pengunjung dapat melihat pemandangan. Lokasi dekat dengan perbelanjaan. Makanan enak. Harga makanan dan hotel terjangkau. Staf memberikan pelayanan yang terbaik.
57,worth to try saya sering kemari dengan teman teman untuk makan malam. terlebih karna saya banyak banget minum jadii sangat cocok ke sini. saya mencoba makan siang dengan menu lidah sapi sambal matah. tempat nya nyaman makanan enak mereka menyediakan baby chair juga jadi kami bisa lebih nyaman saat makan. siang pun ada live music di tempat ini. sering ke braga namun baru kali ini ke resto untuk diner karena ingin merasakan suasana tempo dulu. dan yang pasti kalo nongkrong di sini pasti ketemu banyak bule. dan lagi lagi tidak seperti dugaan saya karena harga wine nya sangat murah. harga makanan juga sesuai. bagi penyuka lidah sapi boleh dicoba disini tekstur lidah nya lembut dan harga nya sangat murah. suasana nya juga enak banget karna ada live musik nya. pelayannya baik dan ramah semua so kalo bawa rekan bisnis worth it lah. steak di sini juga enak sekali. hahahaha yang saya suka dari braga permai adalah welcome snacknya itu rotian dan fre air putih. restoran ini punya banyak menu mulai dari menu lokal indonesia asia hingga eropa.,"['dengan teman teman', 'kemari dengan teman', 'teman teman untuk', 'teman teman', 'teman', 'saya', 'nya', 'dengan teman', 'untuk makan malam', 'sering kemari dengan', 'makan malam', 'kemari dengan', 'dan', 'teman untuk makan', 'teman untuk', 'juga', 'saya sering kemari', 'sering kemari', 'makan', 'sangat']","Restoran memiliki desain interior klasik. Suasananya nyaman karena ada live music. Sambutan dari pelayan memuaskan karena pengunjung diberi snack dan air putih secara gratis. Makanan variatif yang terdiri dari makanan lokal, asia, dan eropa. Makanan lokal yang enak yaitu lidah sapi, nasi goreng rendang, dan kue-kue tradisional. Harga sepadan dengan porsinya karena banyak. "
